{"experienceType":"EdgeChromiumPageWC","configs":[{"src":"config.json"},{"targetScope":{"locale":{"language":"en"}},"src":"config_en.json"},{"targetScope":{"locale":{"language":"es"}},"src":"config_es.json"},{"targetScope":{"locale":{"language":"fr"}},"src":"config_fr.json"},{"targetScope":{"locale":{"language":"ar","market":"ae"}},"src":"config_ar-ae.json"},{"targetScope":{"locale":{"language":"ar","market":"eg"}},"src":"config_ar-eg.json"},{"targetScope":{"locale":{"language":"ar","market":"sa"}},"src":"config_ar-sa.json"},{"targetScope":{"locale":{"language":"bn","market":"in"}},"src":"config_bn-in.json"},{"targetScope":{"locale":{"language":"cs","market":"cz"}},"src":"config_cs-cz.json"},{"targetScope":{"locale":{"language":"da","market":"dk"}},"src":"config_da-dk.json"},{"targetScope":{"locale":{"language":"de","market":"at"}},"src":"config_de-at.json"},{"targetScope":{"locale":{"language":"de","market":"ch"}},"src":"config_de-ch.json"},{"targetScope":{"locale":{"language":"de","market":"de"}},"src":"config_de-de.json"},{"targetScope":{"locale":{"language":"el","market":"gr"}},"src":"config_el-gr.json"},{"targetScope":{"locale":{"language":"en","market":"ae"}},"src":"config_en-ae.json"},{"targetScope":{"locale":{"language":"en","market":"au"}},"src":"config_en-au.json"},{"targetScope":{"locale":{"language":"en","market":"ca"}},"src":"config_en-ca.json"},{"targetScope":{"locale":{"language":"en","market":"gb"}},"src":"config_en-gb.json"},{"targetScope":{"locale":{"language":"en","market":"ie"}},"src":"config_en-ie.json"},{"targetScope":{"locale":{"language":"en","market":"in"}},"src":"config_en-in.json"},{"targetScope":{"locale":{"language":"en","market":"my"}},"src":"config_en-my.json"},{"targetScope":{"locale":{"language":"en","market":"nz"}},"src":"config_en-nz.json"},{"targetScope":{"locale":{"language":"en","market":"ph"}},"src":"config_en-ph.json"},{"targetScope":{"locale":{"language":"en","market":"sg"}},"src":"config_en-sg.json"},{"targetScope":{"locale":{"language":"en","market":"us"}},"src":"config_en-us.json"},{"targetScope":{"locale":{"language":"en","market":"za"}},"src":"config_en-za.json"},{"targetScope":{"locale":{"language":"es","market":"es"}},"src":"config_es-es.json"},{"targetScope":{"locale":{"language":"fi","market":"fi"}},"src":"config_fi-fi.json"},{"targetScope":{"locale":{"language":"fr","market":"ch"}},"src":"config_fr-ch.json"},{"targetScope":{"locale":{"language":"fr","market":"fr"}},"src":"config_fr-fr.json"},{"targetScope":{"locale":{"language":"he","market":"il"}},"src":"config_he-il.json"},{"targetScope":{"locale":{"language":"hi","market":"in"}},"src":"config_hi-in.json"},{"targetScope":{"locale":{"language":"hu","market":"hu"}},"src":"config_hu-hu.json"},{"targetScope":{"locale":{"language":"id","market":"id"}},"src":"config_id-id.json"},{"targetScope":{"locale":{"language":"it","market":"it"}},"src":"config_it-it.json"},{"targetScope":{"locale":{"language":"ja","market":"jp"}},"src":"config_ja-jp.json"},{"targetScope":{"locale":{"language":"ko","market":"kr"}},"src":"config_ko-kr.json"},{"targetScope":{"locale":{"language":"mr","market":"in"}},"src":"config_mr-in.json"},{"targetScope":{"locale":{"language":"nb","market":"no"}},"src":"config_nb-no.json"},{"targetScope":{"locale":{"language":"nl","market":"be"}},"src":"config_nl-be.json"},{"targetScope":{"locale":{"language":"nl","market":"nl"}},"src":"config_nl-nl.json"},{"targetScope":{"locale":{"language":"pl","market":"pl"}},"src":"config_pl-pl.json"},{"targetScope":{"locale":{"language":"pt","market":"br"}},"src":"config_pt-br.json"},{"targetScope":{"locale":{"language":"pt","market":"pt"}},"src":"config_pt-pt.json"},{"targetScope":{"locale":{"language":"ru","market":"ru"}},"src":"config_ru-ru.json"},{"targetScope":{"locale":{"language":"ru","market":"xl"}},"src":"config_ru-xl.json"},{"targetScope":{"locale":{"language":"sv","market":"se"}},"src":"config_sv-se.json"},{"targetScope":{"locale":{"language":"te","market":"in"}},"src":"config_te-in.json"},{"targetScope":{"locale":{"language":"th","market":"th"}},"src":"config_th-th.json"},{"targetScope":{"locale":{"language":"tr","market":"tr"}},"src":"config_tr-tr.json"},{"targetScope":{"locale":{"language":"vi","market":"vn"}},"src":"config_vi-vn.json"},{"targetScope":{"locale":{"language":"zh","market":"cn"}},"src":"config_zh-cn.json"},{"targetScope":{"locale":{"language":"zh","market":"hk"}},"src":"config_zh-hk.json"},{"targetScope":{"locale":{"language":"zh","market":"tw"}},"src":"config_zh-tw.json"},{"targetScope":{"audienceMode":"adult"},"src":"config_adult.json"},{"targetScope":{"audienceMode":"enterprise"},"src":"config_enterprise.json"},{"targetScope":{"audienceMode":"kids"},"src":"config_kids.json"},{"targetScope":{"locale":{"language":"en","market":"us"},"audienceMode":"adult"},"src":"config_en-us_adult.json"},{"targetScope":{"locale":{"language":"fr","market":"fr"},"audienceMode":"adult"},"src":"config_fr-fr_adult.json"},{"targetScope":{"locale":{"language":"ru","market":"ru"},"audienceMode":"adult"},"src":"config_ru-ru_adult.json"},{"targetScope":{"locale":{"language":"bn","market":"in"},"audienceMode":"adult","os":"windows"},"src":"config_bn-in_adult_windows.json"},{"targetScope":{"locale":{"language":"cs","market":"cz"},"audienceMode":"adult","os":"windows"},"src":"config_cs-cz_adult_windows.json"},{"targetScope":{"locale":{"language":"da","market":"dk"},"audienceMode":"adult","os":"windows"},"src":"config_da-dk_adult_windows.json"},{"targetScope":{"locale":{"language":"de","market":"de"},"audienceMode":"adult","os":"windows"},"src":"config_de-de_adult_windows.json"},{"targetScope":{"locale":{"language":"de","market":"de"},"audienceMode":"adult","os":"xbox"},"src":"config_de-de_adult_xbox.json"},{"targetScope":{"locale":{"language":"el","market":"gr"},"audienceMode":"adult","os":"windows"},"src":"config_el-gr_adult_windows.json"},{"targetScope":{"locale":{"language":"en","market":"ae"},"audienceMode":"adult","os":"windows"},"src":"config_en-ae_adult_windows.json"},{"targetScope":{"locale":{"language":"en","market":"ae"},"audienceMode":"adult","os":"xbox"},"src":"config_en-ae_adult_xbox.json"},{"targetScope":{"locale":{"language":"en","market":"au"},"audienceMode":"adult","os":"windows"},"src":"config_en-au_adult_windows.json"},{"targetScope":{"locale":{"language":"en","market":"au"},"audienceMode":"adult","os":"xbox"},"src":"config_en-au_adult_xbox.json"},{"targetScope":{"locale":{"language":"en","market":"ca"},"audienceMode":"adult","os":"windows"},"src":"config_en-ca_adult_windows.json"},{"targetScope":{"locale":{"language":"en","market":"ca"},"audienceMode":"adult","os":"xbox"},"src":"config_en-ca_adult_xbox.json"},{"targetScope":{"locale":{"language":"en","market":"gb"},"audienceMode":"adult","os":"windows"},"src":"config_en-gb_adult_windows.json"},{"targetScope":{"locale":{"language":"en","market":"gb"},"audienceMode":"adult","os":"xbox"},"src":"config_en-gb_adult_xbox.json"},{"targetScope":{"locale":{"language":"en","market":"id"},"audienceMode":"adult","os":"windows"},"src":"config_en-id_adult_windows.json"},{"targetScope":{"locale":{"language":"en","market":"id"},"audienceMode":"adult","os":"xbox"},"src":"config_en-id_adult_xbox.json"},{"targetScope":{"locale":{"language":"en","market":"ie"},"audienceMode":"adult","os":"windows"},"src":"config_en-ie_adult_windows.json"},{"targetScope":{"locale":{"language":"en","market":"ie"},"audienceMode":"adult","os":"xbox"},"src":"config_en-ie_adult_xbox.json"},{"targetScope":{"locale":{"language":"en","market":"in"},"audienceMode":"adult","os":"windows"},"src":"config_en-in_adult_windows.json"},{"targetScope":{"locale":{"language":"en","market":"in"},"audienceMode":"adult","os":"xbox"},"src":"config_en-in_adult_xbox.json"},{"targetScope":{"locale":{"language":"en","market":"my"},"audienceMode":"adult","os":"windows"},"src":"config_en-my_adult_windows.json"},{"targetScope":{"locale":{"language":"en","market":"my"},"audienceMode":"adult","os":"xbox"},"src":"config_en-my_adult_xbox.json"},{"targetScope":{"locale":{"language":"en","market":"nz"},"audienceMode":"adult","os":"windows"},"src":"config_en-nz_adult_windows.json"},{"targetScope":{"locale":{"language":"en","market":"nz"},"audienceMode":"adult","os":"xbox"},"src":"config_en-nz_adult_xbox.json"},{"targetScope":{"locale":{"language":"en","market":"ph"},"audienceMode":"adult","os":"windows"},"src":"config_en-ph_adult_windows.json"},{"targetScope":{"locale":{"language":"en","market":"ph"},"audienceMode":"adult","os":"xbox"},"src":"config_en-ph_adult_xbox.json"},{"targetScope":{"locale":{"language":"en","market":"sg"},"audienceMode":"adult","os":"windows"},"src":"config_en-sg_adult_windows.json"},{"targetScope":{"locale":{"language":"en","market":"sg"},"audienceMode":"adult","os":"xbox"},"src":"config_en-sg_adult_xbox.json"},{"targetScope":{"locale":{"language":"en","market":"us"},"audienceMode":"adult","os":"windows"},"src":"config_en-us_adult_windows.json"},{"targetScope":{"locale":{"language":"en","market":"us"},"audienceMode":"adult","os":"xbox"},"src":"config_en-us_adult_xbox.json"},{"targetScope":{"locale":{"language":"en","market":"xl"},"audienceMode":"adult","os":"windows"},"src":"config_en-xl_adult_windows.json"},{"targetScope":{"locale":{"language":"en","market":"xl"},"audienceMode":"adult","os":"xbox"},"src":"config_en-xl_adult_xbox.json"},{"targetScope":{"locale":{"language":"en","market":"za"},"audienceMode":"adult","os":"windows"},"src":"config_en-za_adult_windows.json"},{"targetScope":{"locale":{"language":"en","market":"za"},"audienceMode":"adult","os":"xbox"},"src":"config_en-za_adult_xbox.json"},{"targetScope":{"locale":{"language":"es","market":"es"},"audienceMode":"adult","os":"windows"},"src":"config_es-es_adult_windows.json"},{"targetScope":{"locale":{"language":"es","market":"es"},"audienceMode":"adult","os":"xbox"},"src":"config_es-es_adult_xbox.json"},{"targetScope":{"locale":{"language":"es","market":"mx"},"audienceMode":"adult","os":"windows"},"src":"config_es-mx_adult_windows.json"},{"targetScope":{"locale":{"language":"es","market":"mx"},"audienceMode":"adult","os":"xbox"},"src":"config_es-mx_adult_xbox.json"},{"targetScope":{"locale":{"language":"fi","market":"fi"},"audienceMode":"adult","os":"windows"},"src":"config_fi-fi_adult_windows.json"},{"targetScope":{"locale":{"language":"fr","market":"ca"},"audienceMode":"adult","os":"windows"},"src":"config_fr-ca_adult_windows.json"},{"targetScope":{"locale":{"language":"fr","market":"fr"},"audienceMode":"adult","os":"windows"},"src":"config_fr-fr_adult_windows.json"},{"targetScope":{"locale":{"language":"fr","market":"fr"},"audienceMode":"adult","os":"xbox"},"src":"config_fr-fr_adult_xbox.json"},{"targetScope":{"locale":{"language":"hi","market":"in"},"audienceMode":"adult","os":"windows"},"src":"config_hi-in_adult_windows.json"},{"targetScope":{"locale":{"language":"hu","market":"hu"},"audienceMode":"adult","os":"windows"},"src":"config_hu-hu_adult_windows.json"},{"targetScope":{"locale":{"language":"id","market":"id"},"audienceMode":"adult","os":"windows"},"src":"config_id-id_adult_windows.json"},{"targetScope":{"locale":{"language":"it","market":"it"},"audienceMode":"adult","os":"windows"},"src":"config_it-it_adult_windows.json"},{"targetScope":{"locale":{"language":"it","market":"it"},"audienceMode":"adult","os":"xbox"},"src":"config_it-it_adult_xbox.json"},{"targetScope":{"locale":{"language":"ja","market":"jp"},"audienceMode":"adult","os":"windows"},"src":"config_ja-jp_adult_windows.json"},{"targetScope":{"locale":{"language":"ja","market":"jp"},"audienceMode":"adult","os":"xbox"},"src":"config_ja-jp_adult_xbox.json"},{"targetScope":{"locale":{"language":"ko","market":"kr"},"audienceMode":"adult","os":"windows"},"src":"config_ko-kr_adult_windows.json"},{"targetScope":{"locale":{"language":"ko","market":"kr"},"audienceMode":"adult","os":"xbox"},"src":"config_ko-kr_adult_xbox.json"},{"targetScope":{"locale":{"language":"mr","market":"in"},"audienceMode":"adult","os":"windows"},"src":"config_mr-in_adult_windows.json"},{"targetScope":{"locale":{"language":"nb","market":"no"},"audienceMode":"adult","os":"windows"},"src":"config_nb-no_adult_windows.json"},{"targetScope":{"locale":{"language":"nl","market":"nl"},"audienceMode":"adult","os":"windows"},"src":"config_nl-nl_adult_windows.json"},{"targetScope":{"locale":{"language":"pl","market":"pl"},"audienceMode":"adult","os":"windows"},"src":"config_pl-pl_adult_windows.json"},{"targetScope":{"locale":{"language":"pl","market":"pl"},"audienceMode":"adult","os":"xbox"},"src":"config_pl-pl_adult_xbox.json"},{"targetScope":{"locale":{"language":"pt","market":"br"},"audienceMode":"adult","os":"windows"},"src":"config_pt-br_adult_windows.json"},{"targetScope":{"locale":{"language":"pt","market":"br"},"audienceMode":"adult","os":"xbox"},"src":"config_pt-br_adult_xbox.json"},{"targetScope":{"locale":{"language":"pt","market":"pt"},"audienceMode":"adult","os":"windows"},"src":"config_pt-pt_adult_windows.json"},{"targetScope":{"locale":{"language":"ru","market":"ru"},"audienceMode":"adult","os":"xbox"},"src":"config_ru-ru_adult_xbox.json"},{"targetScope":{"locale":{"language":"ru","market":"xl"},"audienceMode":"adult","os":"xbox"},"src":"config_ru-xl_adult_xbox.json"},{"targetScope":{"locale":{"language":"sv","market":"se"},"audienceMode":"adult","os":"windows"},"src":"config_sv-se_adult_windows.json"},{"targetScope":{"locale":{"language":"te","market":"in"},"audienceMode":"adult","os":"windows"},"src":"config_te-in_adult_windows.json"},{"targetScope":{"locale":{"language":"th","market":"th"},"audienceMode":"adult","os":"windows"},"src":"config_th-th_adult_windows.json"},{"targetScope":{"locale":{"language":"tr","market":"tr"},"audienceMode":"adult","os":"windows"},"src":"config_tr-tr_adult_windows.json"},{"targetScope":{"locale":{"language":"vi","market":"vn"},"audienceMode":"adult","os":"windows"},"src":"config_vi-vn_adult_windows.json"},{"targetScope":{"locale":{"language":"zh","market":"cn"},"audienceMode":"adult","os":"windows"},"src":"config_zh-cn_adult_windows.json"},{"targetScope":{"locale":{"language":"zh","market":"tw"},"audienceMode":"adult","os":"windows"},"src":"config_zh-tw_adult_windows.json"},{"targetScope":{"experimentId":"prg-1col"},"src":"config_prg-1col.json"},{"targetScope":{"experimentId":"prg-ad-desc"},"src":"config_prg-ad-desc.json"},{"targetScope":{"experimentId":"prg-ad-feedback-p1"},"src":"config_prg-ad-feedback-p1.json"},{"targetScope":{"experimentId":"prg-ad-geometric-25"},"src":"config_prg-ad-geometric-25.json"},{"targetScope":{"experimentId":"prg-ad-img-desc-cov"},"src":"config_prg-ad-img-desc-cov.json"},{"targetScope":{"experimentId":"prg-ad-impr-log"},"src":"config_prg-ad-impr-log.json"},{"targetScope":{"experimentId":"prg-ad-ris1"},"src":"config_prg-ad-ris1.json"},{"targetScope":{"experimentId":"prg-ad-safe"},"src":"config_prg-ad-safe.json"},{"targetScope":{"experimentId":"prg-bg-bottom3"},"src":"config_prg-bg-bottom3.json"},{"targetScope":{"experimentId":"prg-bttbtn1"},"src":"config_prg-bttbtn1.json"},{"targetScope":{"experimentId":"prg-cache6hrs"},"src":"config_prg-cache6hrs.json"},{"targetScope":{"experimentId":"prg-cardgap16"},"src":"config_prg-cardgap16.json"},{"targetScope":{"experimentId":"prg-cgcsml"},"src":"config_prg-cgcsml.json"},{"targetScope":{"experimentId":"prg-chdgslvr"},"src":"config_prg-chdgslvr.json"},{"targetScope":{"experimentId":"prg-chfl-sd"},"src":"config_prg-chfl-sd.json"},{"targetScope":{"experimentId":"prg-codexntp2"},"src":"config_prg-codexntp2.json"},{"targetScope":{"experimentId":"prg-devtool"},"src":"config_prg-devtool.json"},{"targetScope":{"experimentId":"prg-dhpprerender"},"src":"config_prg-dhpprerender.json"},{"targetScope":{"experimentId":"prg-disableswlow"},"src":"config_prg-disableswlow.json"},{"targetScope":{"experimentId":"prg-eventbg"},"src":"config_prg-eventbg.json"},{"targetScope":{"experimentId":"prg-exploremore"},"src":"config_prg-exploremore.json"},{"targetScope":{"experimentId":"prg-f3npar"},"src":"config_prg-f3npar.json"},{"targetScope":{"experimentId":"prg-f3tsbp"},"src":"config_prg-f3tsbp.json"},{"targetScope":{"experimentId":"prg-feed3-sib"},"src":"config_prg-feed3-sib.json"},{"targetScope":{"experimentId":"prg-feeddownt1"},"src":"config_prg-feeddownt1.json"},{"targetScope":{"experimentId":"prg-feedscroll"},"src":"config_prg-feedscroll.json"},{"targetScope":{"experimentId":"prg-hdslvr"},"src":"config_prg-hdslvr.json"},{"targetScope":{"experimentId":"prg-hide-greet"},"src":"config_prg-hide-greet.json"},{"targetScope":{"experimentId":"prg-hide-sb"},"src":"config_prg-hide-sb.json"},{"targetScope":{"experimentId":"prg-hideqlnk-rev"},"src":"config_prg-hideqlnk-rev.json"},{"targetScope":{"experimentId":"prg-hld-theme"},"src":"config_prg-hld-theme.json"},{"targetScope":{"experimentId":"prg-infonois5"},"src":"config_prg-infonois5.json"},{"targetScope":{"experimentId":"prg-lowmemdhp"},"src":"config_prg-lowmemdhp.json"},{"targetScope":{"experimentId":"prg-missedscroll"},"src":"config_prg-missedscroll.json"},{"targetScope":{"experimentId":"prg-moboverrwds-c"},"src":"config_prg-moboverrwds-c.json"},{"targetScope":{"experimentId":"prg-nav-rb"},"src":"config_prg-nav-rb.json"},{"targetScope":{"experimentId":"prg-nav2-hori-t1"},"src":"config_prg-nav2-hori-t1.json"},{"targetScope":{"experimentId":"prg-ncm"},"src":"config_prg-ncm.json"},{"targetScope":{"experimentId":"prg-newshl-if"},"src":"config_prg-newshl-if.json"},{"targetScope":{"experimentId":"prg-newshl"},"src":"config_prg-newshl.json"},{"targetScope":{"experimentId":"prg-newstorage"},"src":"config_prg-newstorage.json"},{"targetScope":{"experimentId":"prg-no-rs"},"src":"config_prg-no-rs.json"},{"targetScope":{"experimentId":"prg-nobi"},"src":"config_prg-nobi.json"},{"targetScope":{"experimentId":"prg-nosdbtn"},"src":"config_prg-nosdbtn.json"},{"targetScope":{"experimentId":"prg-nphdo"},"src":"config_prg-nphdo.json"},{"targetScope":{"experimentId":"prg-ntfc-hide"},"src":"config_prg-ntfc-hide.json"},{"targetScope":{"experimentId":"prg-ntp-1stunurl"},"src":"config_prg-ntp-1stunurl.json"},{"targetScope":{"experimentId":"prg-ntp-askco2"},"src":"config_prg-ntp-askco2.json"},{"targetScope":{"experimentId":"prg-ntp-earlyfeedssr"},"src":"config_prg-ntp-earlyfeedssr.json"},{"targetScope":{"experimentId":"prg-ntp-optprom"},"src":"config_prg-ntp-optprom.json"},{"targetScope":{"experimentId":"prg-ntp-pereds"},"src":"config_prg-ntp-pereds.json"},{"targetScope":{"experimentId":"prg-ntp-pinprong1-v2"},"src":"config_prg-ntp-pinprong1-v2.json"},{"targetScope":{"experimentId":"prg-ntp-quickscroll"},"src":"config_prg-ntp-quickscroll.json"},{"targetScope":{"experimentId":"prg-ntp-skipretry"},"src":"config_prg-ntp-skipretry.json"},{"targetScope":{"experimentId":"prg-ntp-tpv1"},"src":"config_prg-ntp-tpv1.json"},{"targetScope":{"experimentId":"prg-ntp-uusignal"},"src":"config_prg-ntp-uusignal.json"},{"targetScope":{"experimentId":"prg-ntpcompdict"},"src":"config_prg-ntpcompdict.json"},{"targetScope":{"experimentId":"prg-ntphswt"},"src":"config_prg-ntphswt.json"},{"targetScope":{"experimentId":"prg-ntppivot-refresh"},"src":"config_prg-ntppivot-refresh.json"},{"targetScope":{"experimentId":"prg-nyts-v2"},"src":"config_prg-nyts-v2.json"},{"targetScope":{"experimentId":"prg-nyts"},"src":"config_prg-nyts.json"},{"targetScope":{"experimentId":"prg-peek-tp-colps"},"src":"config_prg-peek-tp-colps.json"},{"targetScope":{"experimentId":"prg-peek-view-2"},"src":"config_prg-peek-view-2.json"},{"targetScope":{"experimentId":"prg-prefeed"},"src":"config_prg-prefeed.json"},{"targetScope":{"experimentId":"prg-prsn-coach"},"src":"config_prg-prsn-coach.json"},{"targetScope":{"experimentId":"prg-prsw"},"src":"config_prg-prsw.json"},{"targetScope":{"experimentId":"prg-rail-bpoints"},"src":"config_prg-rail-bpoints.json"},{"targetScope":{"experimentId":"prg-responsiveprod"},"src":"config_prg-responsiveprod.json"},{"targetScope":{"experimentId":"prg-rev-impl-mkt"},"src":"config_prg-rev-impl-mkt.json"},{"targetScope":{"experimentId":"prg-rev-n2psl"},"src":"config_prg-rev-n2psl.json"},{"targetScope":{"experimentId":"prg-revscb"},"src":"config_prg-revscb.json"},{"targetScope":{"experimentId":"prg-scards-rev"},"src":"config_prg-scards-rev.json"},{"targetScope":{"experimentId":"prg-scards-ul"},"src":"config_prg-scards-ul.json"},{"targetScope":{"experimentId":"prg-scardssct4"},"src":"config_prg-scardssct4.json"},{"targetScope":{"experimentId":"prg-scrlhide-sb"},"src":"config_prg-scrlhide-sb.json"},{"targetScope":{"experimentId":"prg-setting-debug"},"src":"config_prg-setting-debug.json"},{"targetScope":{"experimentId":"prg-ssr-nosw"},"src":"config_prg-ssr-nosw.json"},{"targetScope":{"experimentId":"prg-stpeek"},"src":"config_prg-stpeek.json"},{"targetScope":{"experimentId":"prg-superdp"},"src":"config_prg-superdp.json"},{"targetScope":{"experimentId":"prg-superip-28"},"src":"config_prg-superip-28.json"},{"targetScope":{"experimentId":"prg-sw-nodefroute"},"src":"config_prg-sw-nodefroute.json"},{"targetScope":{"experimentId":"prg-swaltrace"},"src":"config_prg-swaltrace.json"},{"targetScope":{"experimentId":"prg-swerrhandler"},"src":"config_prg-swerrhandler.json"},{"targetScope":{"experimentId":"prg-tokcache-c"},"src":"config_prg-tokcache-c.json"},{"targetScope":{"experimentId":"prg-topnav1"},"src":"config_prg-topnav1.json"},{"targetScope":{"experimentId":"prg-toubanner-1"},"src":"config_prg-toubanner-1.json"},{"targetScope":{"experimentId":"prg-tpsttop-def"},"src":"config_prg-tpsttop-def.json"},{"targetScope":{"experimentId":"prg-tpsttop-inf"},"src":"config_prg-tpsttop-inf.json"},{"targetScope":{"experimentId":"prg-tpsttop-wpo"},"src":"config_prg-tpsttop-wpo.json"},{"targetScope":{"experimentId":"prg-trangcpd"},"src":"config_prg-trangcpd.json"},{"targetScope":{"experimentId":"prg-ts-bookmarks"},"src":"config_prg-ts-bookmarks.json"},{"targetScope":{"experimentId":"prg-tsf3v1icnbpnhtd"},"src":"config_prg-tsf3v1icnbpnhtd.json"},{"targetScope":{"experimentId":"prg-ttntp"},"src":"config_prg-ttntp.json"},{"targetScope":{"experimentId":"prg-unify-tps2"},"src":"config_prg-unify-tps2.json"},{"targetScope":{"experimentId":"prg-untb"},"src":"config_prg-untb.json"},{"targetScope":{"experimentId":"prg-use-overlay"},"src":"config_prg-use-overlay.json"},{"targetScope":{"experimentId":"prg-waterfall2"},"src":"config_prg-waterfall2.json"},{"targetScope":{"experimentId":"prg-wgnoctrl"},"src":"config_prg-wgnoctrl.json"},{"targetScope":{"experimentId":"prg-wpo-revwpots"},"src":"config_prg-wpo-revwpots.json"},{"targetScope":{"experimentId":"prg-wtrliner-t"},"src":"config_prg-wtrliner-t.json"},{"targetScope":{"experimentId":"prg-wtrliner"},"src":"config_prg-wtrliner.json"},{"targetScope":{"experimentId":"prg-zoom"},"src":"config_prg-zoom.json"},{"targetScope":{"experimentId":"prg-ad-cta-choice"},"src":"config_prg-ad-cta-choice.json"},{"targetScope":{"experimentId":"prg-ad-geometric-75"},"src":"config_prg-ad-geometric-75.json"},{"targetScope":{"experimentId":"prg-bg-bottom4"},"src":"config_prg-bg-bottom4.json"},{"targetScope":{"experimentId":"prg-bttbtnr"},"src":"config_prg-bttbtnr.json"},{"targetScope":{"experimentId":"prg-cache3hrs"},"src":"config_prg-cache3hrs.json"},{"targetScope":{"experimentId":"prg-cardgap14"},"src":"config_prg-cardgap14.json"},{"targetScope":{"experimentId":"prg-codexntp5"},"src":"config_prg-codexntp5.json"},{"targetScope":{"experimentId":"prg-f3npal"},"src":"config_prg-f3npal.json"},{"targetScope":{"experimentId":"prg-fdblur1"},"src":"config_prg-fdblur1.json"},{"targetScope":{"experimentId":"prg-feeddownt2"},"src":"config_prg-feeddownt2.json"},{"targetScope":{"experimentId":"prg-holidaybg"},"src":"config_prg-holidaybg.json"},{"targetScope":{"experimentId":"prg-moboverrwds"},"src":"config_prg-moboverrwds.json"},{"targetScope":{"experimentId":"prg-ntp-1stun"},"src":"config_prg-ntp-1stun.json"},{"targetScope":{"experimentId":"prg-ntp-askco1"},"src":"config_prg-ntp-askco1.json"},{"targetScope":{"experimentId":"prg-ntp-hl"},"src":"config_prg-ntp-hl.json"},{"targetScope":{"experimentId":"prg-ntp-pinprong1"},"src":"config_prg-ntp-pinprong1.json"},{"targetScope":{"experimentId":"prg-respcard"},"src":"config_prg-respcard.json"},{"targetScope":{"experimentId":"prg-scrolldownbtn2"},"src":"config_prg-scrolldownbtn2.json"},{"targetScope":{"experimentId":"prg-superip-26"},"src":"config_prg-superip-26.json"},{"targetScope":{"experimentId":"prg-toubanner-2"},"src":"config_prg-toubanner-2.json"},{"targetScope":{"experimentId":"prg-trangcpd10"},"src":"config_prg-trangcpd10.json"},{"targetScope":{"experimentId":"prg-ts-bookmarks-v2"},"src":"config_prg-ts-bookmarks-v2.json"},{"targetScope":{"experimentId":"prg-unify-tps"},"src":"config_prg-unify-tps.json"},{"targetScope":{"experimentId":"prg-zoomc"},"src":"config_prg-zoomc.json"},{"targetScope":{"experimentId":"prg-ad-cta-slug"},"src":"config_prg-ad-cta-slug.json"},{"targetScope":{"experimentId":"prg-ad-geometric-50"},"src":"config_prg-ad-geometric-50.json"},{"targetScope":{"experimentId":"prg-bg-bottom5"},"src":"config_prg-bg-bottom5.json"},{"targetScope":{"experimentId":"prg-bttbtn2"},"src":"config_prg-bttbtn2.json"},{"targetScope":{"experimentId":"prg-cache12hrs"},"src":"config_prg-cache12hrs.json"},{"targetScope":{"experimentId":"prg-f3npl"},"src":"config_prg-f3npl.json"},{"targetScope":{"experimentId":"prg-fdblur2"},"src":"config_prg-fdblur2.json"},{"targetScope":{"experimentId":"prg-ntptq-copilot"},"src":"config_prg-ntptq-copilot.json"},{"targetScope":{"experimentId":"prg-scrolldownrev"},"src":"config_prg-scrolldownrev.json"},{"targetScope":{"experimentId":"prg-trangcpd15"},"src":"config_prg-trangcpd15.json"},{"targetScope":{"experimentId":"prg-waterfall304"},"src":"config_prg-waterfall304.json"},{"targetScope":{"experimentId":"prg-ad-cta-learn-btn"},"src":"config_prg-ad-cta-learn-btn.json"},{"targetScope":{"experimentId":"prg-bg-bottom6"},"src":"config_prg-bg-bottom6.json"},{"targetScope":{"experimentId":"prg-btncf"},"src":"config_prg-btncf.json"},{"targetScope":{"experimentId":"prg-cache1day"},"src":"config_prg-cache1day.json"},{"targetScope":{"experimentId":"prg-f3npr"},"src":"config_prg-f3npr.json"},{"targetScope":{"experimentId":"prg-fdblur3"},"src":"config_prg-fdblur3.json"},{"targetScope":{"experimentId":"prg-trangcpd8"},"src":"config_prg-trangcpd8.json"},{"targetScope":{"experimentId":"prg-waterfall328"},"src":"config_prg-waterfall328.json"},{"targetScope":{"experimentId":"prg-ad-cta-open-btn"},"src":"config_prg-ad-cta-open-btn.json"},{"targetScope":{"experimentId":"prg-bg-bottom7"},"src":"config_prg-bg-bottom7.json"},{"targetScope":{"experimentId":"prg-fdblur4"},"src":"config_prg-fdblur4.json"},{"targetScope":{"experimentId":"prg-srchbtn"},"src":"config_prg-srchbtn.json"},{"targetScope":{"experimentId":"prg-trangcpd12"},"src":"config_prg-trangcpd12.json"},{"targetScope":{"experimentId":"prg-bttbtn4"},"src":"config_prg-bttbtn4.json"},{"targetScope":{"experimentId":"prg-fdblur5"},"src":"config_prg-fdblur5.json"},{"targetScope":{"experimentId":"prg-bttbtn3"},"src":"config_prg-bttbtn3.json"},{"targetScope":{"experimentId":"prg-fdblur6"},"src":"config_prg-fdblur6.json"},{"targetScope":{"experimentId":"prg-fdblur7"},"src":"config_prg-fdblur7.json"},{"targetScope":{"locale":{"language":"en","market":"au"},"experimentId":"prg-yearinreview"},"src":"config_en-au_prg-yearinreview.json"},{"targetScope":{"locale":{"language":"en","market":"us"},"experimentId":"prg-ad-align-rf"},"src":"config_en-us_prg-ad-align-rf.json"},{"targetScope":{"locale":{"language":"en","market":"us"},"experimentId":"prg-dailybrf"},"src":"config_en-us_prg-dailybrf.json"},{"targetScope":{"locale":{"language":"en","market":"us"},"experimentId":"prg-preadsflagh"},"src":"config_en-us_prg-preadsflagh.json"},{"targetScope":{"locale":{"language":"en","market":"us"},"experimentId":"prg-shopping-api"},"src":"config_en-us_prg-shopping-api.json"},{"targetScope":{"locale":{"language":"fr","market":"fr"},"experimentId":"prg-ad-marquee-h"},"src":"config_fr-fr_prg-ad-marquee-h.json"},{"targetScope":{"locale":{"language":"ru","market":"ru"},"experimentId":"prg-wgnoctrl"},"src":"config_ru-ru_prg-wgnoctrl.json"},{"targetScope":{"locale":{"language":"zh","market":"cn"},"experimentId":"prg-chnlstr-uscs"},"src":"config_zh-cn_prg-chnlstr-uscs.json"},{"targetScope":{"locale":{"language":"zh","market":"cn"},"experimentId":"prg-codexntp2"},"src":"config_zh-cn_prg-codexntp2.json"},{"targetScope":{"locale":{"language":"zh","market":"cn"},"experimentId":"prg-mourn"},"src":"config_zh-cn_prg-mourn.json"},{"targetScope":{"locale":{"language":"zh","market":"cn"},"experimentId":"prg-pinprg1-cnt2"},"src":"config_zh-cn_prg-pinprg1-cnt2.json"},{"targetScope":{"locale":{"language":"zh","market":"cn"},"experimentId":"prg-rdheight15"},"src":"config_zh-cn_prg-rdheight15.json"},{"targetScope":{"locale":{"language":"zh","market":"cn"},"experimentId":"prg-rs-1row"},"src":"config_zh-cn_prg-rs-1row.json"},{"targetScope":{"locale":{"language":"zh","market":"cn"},"experimentId":"prg-rs-bza"},"src":"config_zh-cn_prg-rs-bza.json"},{"targetScope":{"locale":{"language":"zh","market":"cn"},"experimentId":"prg-rs-wpo"},"src":"config_zh-cn_prg-rs-wpo.json"},{"targetScope":{"locale":{"language":"zh","market":"cn"},"experimentId":"prg-sca-revcjk"},"src":"config_zh-cn_prg-sca-revcjk.json"},{"targetScope":{"locale":{"language":"zh","market":"cn"},"experimentId":"prg-sca-ulcjk"},"src":"config_zh-cn_prg-sca-ulcjk.json"},{"targetScope":{"locale":{"language":"en","market":"ca"},"experimentId":"prg-yearinreview"},"src":"config_en-ca_prg-yearinreview.json"},{"targetScope":{"locale":{"language":"en","market":"us"},"experimentId":"prg-preadsflaght"},"src":"config_en-us_prg-preadsflaght.json"},{"targetScope":{"locale":{"language":"ja","market":"jp"},"experimentId":"prg-sca-revcjk"},"src":"config_ja-jp_prg-sca-revcjk.json"},{"targetScope":{"locale":{"language":"ja","market":"jp"},"experimentId":"prg-sca-ulcjk"},"src":"config_ja-jp_prg-sca-ulcjk.json"},{"targetScope":{"locale":{"language":"ru","market":"ru"},"experimentId":"prg-codexntp2"},"src":"config_ru-ru_prg-codexntp2.json"},{"targetScope":{"locale":{"language":"zh","market":"cn"},"experimentId":"prg-chnlstr"},"src":"config_zh-cn_prg-chnlstr.json"},{"targetScope":{"locale":{"language":"zh","market":"cn"},"experimentId":"prg-pinprg1-cnt1"},"src":"config_zh-cn_prg-pinprg1-cnt1.json"},{"targetScope":{"locale":{"language":"zh","market":"cn"},"experimentId":"prg-rdheight30"},"src":"config_zh-cn_prg-rdheight30.json"},{"targetScope":{"locale":{"language":"zh","market":"cn"},"experimentId":"prg-rs-bzaat"},"src":"config_zh-cn_prg-rs-bzaat.json"},{"targetScope":{"locale":{"language":"zh","market":"hk"},"experimentId":"prg-mourn"},"src":"config_zh-hk_prg-mourn.json"},{"targetScope":{"locale":{"language":"en","market":"us"},"experimentId":"prg-yearinreview"},"src":"config_en-us_prg-yearinreview.json"},{"targetScope":{"locale":{"language":"ko","market":"kr"},"experimentId":"prg-sca-revcjk"},"src":"config_ko-kr_prg-sca-revcjk.json"},{"targetScope":{"locale":{"language":"ko","market":"kr"},"experimentId":"prg-sca-ulcjk"},"src":"config_ko-kr_prg-sca-ulcjk.json"},{"targetScope":{"locale":{"language":"ru","market":"ru"},"experimentId":"prg-codexntp5"},"src":"config_ru-ru_prg-codexntp5.json"},{"targetScope":{"locale":{"language":"zh","market":"cn"},"experimentId":"prg-pinprg1-cnt3"},"src":"config_zh-cn_prg-pinprg1-cnt3.json"},{"targetScope":{"locale":{"language":"en","market":"in"},"experimentId":"prg-yearinreview"},"src":"config_en-in_prg-yearinreview.json"},{"targetScope":{"locale":{"language":"zh","market":"cn"},"experimentId":"prg-codexntp5"},"src":"config_zh-cn_prg-codexntp5.json"},{"targetScope":{"locale":{"language":"zh","market":"cn"},"experimentId":"prg-pinprg1-cnt0"},"src":"config_zh-cn_prg-pinprg1-cnt0.json"},{"targetScope":{"locale":{"language":"en","market":"gb"},"experimentId":"prg-yearinreview"},"src":"config_en-gb_prg-yearinreview.json"},{"targetScope":{"locale":{"language":"ja","market":"jp"},"experimentId":"prg-pinprg1-jpt1"},"src":"config_ja-jp_prg-pinprg1-jpt1.json"},{"targetScope":{"locale":{"language":"ar","market":"sa"},"experimentId":"prg-newshl"},"src":"config_ar-sa_prg-newshl.json"},{"targetScope":{"locale":{"language":"ja","market":"jp"},"experimentId":"prg-pinprg1-jpt2"},"src":"config_ja-jp_prg-pinprg1-jpt2.json"},{"targetScope":{"locale":{"language":"en","market":"ae"},"experimentId":"prg-newshl"},"src":"config_en-ae_prg-newshl.json"},{"targetScope":{"locale":{"language":"es","market":"xl"},"experimentId":"prg-newshl"},"src":"config_es-xl_prg-newshl.json"},{"targetScope":{"locale":{"language":"fr","market":"xl"},"experimentId":"prg-newshl"},"src":"config_fr-xl_prg-newshl.json"},{"targetScope":{"locale":{"language":"en","market":"xl"},"experimentId":"prg-newshl"},"src":"config_en-xl_prg-newshl.json"},{"targetScope":{"locale":{"language":"es","market":"ve"},"experimentId":"prg-newshl"},"src":"config_es-ve_prg-newshl.json"},{"targetScope":{"locale":{"language":"zh","market":"hk"},"experimentId":"prg-newshl"},"src":"config_zh-hk_prg-newshl.json"},{"targetScope":{"locale":{"language":"vi","market":"vn"},"experimentId":"prg-newshl"},"src":"config_vi-vn_prg-newshl.json"},{"targetScope":{"locale":{"language":"ar","market":"ae"},"experimentId":"prg-newshl"},"src":"config_ar-ae_prg-newshl.json"},{"targetScope":{"locale":{"language":"tr","market":"tr"},"experimentId":"prg-newshl"},"src":"config_tr-tr_prg-newshl.json"},{"targetScope":{"locale":{"language":"zh","market":"cn"},"experimentId":"prg-newshl"},"src":"config_zh-cn_prg-newshl.json"},{"targetScope":{"locale":{"language":"sv","market":"se"},"experimentId":"prg-newshl"},"src":"config_sv-se_prg-newshl.json"},{"targetScope":{"locale":{"language":"en","market":"sg"},"experimentId":"prg-newshl"},"src":"config_en-sg_prg-newshl.json"},{"targetScope":{"locale":{"language":"hu","market":"hu"},"experimentId":"prg-newshl"},"src":"config_hu-hu_prg-newshl.json"},{"targetScope":{"locale":{"language":"da","market":"dk"},"experimentId":"prg-newshl"},"src":"config_da-dk_prg-newshl.json"},{"targetScope":{"locale":{"language":"fi","market":"fi"},"experimentId":"prg-newshl"},"src":"config_fi-fi_prg-newshl.json"},{"targetScope":{"audienceMode":"adult","experimentId":"prg-ad-marquee-v3"},"src":"config_prg-ad-marquee-v3_adult.json"},{"targetScope":{"audienceMode":"adult","experimentId":"prg-wpo-rrts1a5"},"src":"config_prg-wpo-rrts1a5_adult.json"},{"targetScope":{"audienceMode":"enterprise","experimentId":"prg-earlymainfeed2"},"src":"config_prg-earlymainfeed2_enterprise.json"},{"targetScope":{"audienceMode":"enterprise","experimentId":"prg-ntploader"},"src":"config_prg-ntploader_enterprise.json"},{"targetScope":{"audienceMode":"enterprise","experimentId":"prg-ntpprelrace-rev"},"src":"config_prg-ntpprelrace-rev_enterprise.json"},{"targetScope":{"audienceMode":"enterprise","experimentId":"prg-saentnw2a"},"src":"config_prg-saentnw2a_enterprise.json"},{"targetScope":{"audienceMode":"enterprise","experimentId":"prg-slbm25-t"},"src":"config_prg-slbm25-t_enterprise.json"},{"targetScope":{"audienceMode":"enterprise","experimentId":"prg-ent-news"},"src":"config_prg-ent-news_enterprise.json"},{"targetScope":{"audienceMode":"enterprise","experimentId":"prg-sledgew-t"},"src":"config_prg-sledgew-t_enterprise.json"},{"targetScope":{"audienceMode":"kids","experimentId":"prg-ntpprelrace-rev"},"src":"config_prg-ntpprelrace-rev_kids.json"},{"targetScope":{"audienceMode":"adult","experimentId":"prg-ntpprelrace-rev"},"src":"config_prg-ntpprelrace-rev_adult.json"},{"targetScope":{"audienceMode":"enterprise","experimentId":"prg-saentnw2b"},"src":"config_prg-saentnw2b_enterprise.json"},{"targetScope":{"audienceMode":"enterprise","experimentId":"prg-slrads-t"},"src":"config_prg-slrads-t_enterprise.json"},{"targetScope":{"audienceMode":"enterprise","experimentId":"prg-leftnav-can-t"},"src":"config_prg-leftnav-can-t_enterprise.json"},{"targetScope":{"audienceMode":"enterprise","experimentId":"prg-saentnw2c"},"src":"config_prg-saentnw2c_enterprise.json"},{"targetScope":{"audienceMode":"enterprise","experimentId":"prg-slsix-t"},"src":"config_prg-slsix-t_enterprise.json"},{"targetScope":{"audienceMode":"enterprise","experimentId":"prg-leftnav-can-c"},"src":"config_prg-leftnav-can-c_enterprise.json"},{"targetScope":{"audienceMode":"enterprise","experimentId":"prg-sharedlr-t"},"src":"config_prg-sharedlr-t_enterprise.json"},{"targetScope":{"audienceMode":"enterprise","experimentId":"prg-following"},"src":"config_prg-following_enterprise.json"},{"targetScope":{"audienceMode":"enterprise","experimentId":"prg-sharedl-te"},"src":"config_prg-sharedl-te_enterprise.json"},{"targetScope":{"audienceMode":"enterprise","experimentId":"prg-sharedl-t"},"src":"config_prg-sharedl-t_enterprise.json"},{"targetScope":{"locale":{"language":"da","market":"dk"},"audienceMode":"adult","experimentId":"prg-1sadww"},"src":"config_da-dk_prg-1sadww_adult.json"},{"targetScope":{"locale":{"language":"en","market":"in"},"audienceMode":"adult","experimentId":"prg-mdbatch1-rev"},"src":"config_en-in_prg-mdbatch1-rev_adult.json"},{"targetScope":{"locale":{"language":"en","market":"us"},"audienceMode":"adult","experimentId":"prg-swteenoop"},"src":"config_en-us_prg-swteenoop_adult.json"},{"targetScope":{"locale":{"language":"en","market":"xl"},"audienceMode":"adult","experimentId":"prg-gaming"},"src":"config_en-xl_prg-gaming_adult.json"},{"targetScope":{"locale":{"language":"pt","market":"br"},"audienceMode":"adult","experimentId":"prg-ad-marquee"},"src":"config_pt-br_prg-ad-marquee_adult.json"},{"targetScope":{"locale":{"language":"en","market":"us"},"audienceMode":"adult","experimentId":"prg-swearlymsg"},"src":"config_en-us_prg-swearlymsg_adult.json"},{"targetScope":{"locale":{"language":"es","market":"mx"},"audienceMode":"adult","experimentId":"prg-1sadww"},"src":"config_es-mx_prg-1sadww_adult.json"},{"targetScope":{"locale":{"language":"jp","market":"jp"},"audienceMode":"adult","experimentId":"prg-ad-marquee"},"src":"config_jp-jp_prg-ad-marquee_adult.json"},{"targetScope":{"locale":{"language":"pl","market":"pl"},"audienceMode":"adult","experimentId":"prg-gaming"},"src":"config_pl-pl_prg-gaming_adult.json"},{"targetScope":{"locale":{"language":"sv","market":"se"},"audienceMode":"adult","experimentId":"prg-mdbatch1-rev"},"src":"config_sv-se_prg-mdbatch1-rev_adult.json"},{"targetScope":{"locale":{"language":"de","market":"de"},"audienceMode":"adult","experimentId":"prg-ad-marquee"},"src":"config_de-de_prg-ad-marquee_adult.json"},{"targetScope":{"locale":{"language":"en","market":"us"},"audienceMode":"adult","experimentId":"prg-swearlymem"},"src":"config_en-us_prg-swearlymem_adult.json"},{"targetScope":{"locale":{"language":"it","market":"it"},"audienceMode":"adult","experimentId":"prg-1sadww"},"src":"config_it-it_prg-1sadww_adult.json"},{"targetScope":{"locale":{"language":"ko","market":"kr"},"audienceMode":"adult","experimentId":"prg-gaming"},"src":"config_ko-kr_prg-gaming_adult.json"},{"targetScope":{"locale":{"language":"pt","market":"br"},"audienceMode":"adult","experimentId":"prg-mdbatch1-rev"},"src":"config_pt-br_prg-mdbatch1-rev_adult.json"},{"targetScope":{"locale":{"language":"en","market":"gb"},"audienceMode":"adult","experimentId":"prg-ad-marquee"},"src":"config_en-gb_prg-ad-marquee_adult.json"},{"targetScope":{"locale":{"language":"en","market":"us"},"audienceMode":"adult","experimentId":"prg-swearlyfetch"},"src":"config_en-us_prg-swearlyfetch_adult.json"},{"targetScope":{"locale":{"language":"en","market":"za"},"audienceMode":"adult","experimentId":"prg-gaming"},"src":"config_en-za_prg-gaming_adult.json"},{"targetScope":{"locale":{"language":"es","market":"es"},"audienceMode":"adult","experimentId":"prg-1sadww"},"src":"config_es-es_prg-1sadww_adult.json"},{"targetScope":{"locale":{"language":"nl","market":"be"},"audienceMode":"adult","experimentId":"prg-mdbatch1-rev"},"src":"config_nl-be_prg-mdbatch1-rev_adult.json"},{"targetScope":{"locale":{"language":"en","market":"ca"},"audienceMode":"adult","experimentId":"prg-ad-marquee"},"src":"config_en-ca_prg-ad-marquee_adult.json"},{"targetScope":{"locale":{"language":"en","market":"sg"},"audienceMode":"adult","experimentId":"prg-gaming"},"src":"config_en-sg_prg-gaming_adult.json"},{"targetScope":{"locale":{"language":"ja","market":"jp"},"audienceMode":"adult","experimentId":"prg-1sadww"},"src":"config_ja-jp_prg-1sadww_adult.json"},{"targetScope":{"locale":{"language":"nb","market":"no"},"audienceMode":"adult","experimentId":"prg-mdbatch1-rev"},"src":"config_nb-no_prg-mdbatch1-rev_adult.json"},{"targetScope":{"locale":{"language":"en","market":"ph"},"audienceMode":"adult","experimentId":"prg-gaming"},"src":"config_en-ph_prg-gaming_adult.json"},{"targetScope":{"locale":{"language":"en","market":"us"},"audienceMode":"adult","experimentId":"prg-ad-marquee"},"src":"config_en-us_prg-ad-marquee_adult.json"},{"targetScope":{"locale":{"language":"es","market":"mx"},"audienceMode":"adult","experimentId":"prg-mdbatch1-rev"},"src":"config_es-mx_prg-mdbatch1-rev_adult.json"},{"targetScope":{"locale":{"language":"pt","market":"br"},"audienceMode":"adult","experimentId":"prg-1sadww"},"src":"config_pt-br_prg-1sadww_adult.json"},{"targetScope":{"locale":{"language":"en","market":"ie"},"audienceMode":"adult","experimentId":"prg-mdbatch1-rev"},"src":"config_en-ie_prg-mdbatch1-rev_adult.json"},{"targetScope":{"locale":{"language":"en","market":"nz"},"audienceMode":"adult","experimentId":"prg-gaming"},"src":"config_en-nz_prg-gaming_adult.json"},{"targetScope":{"locale":{"language":"fr","market":"fr"},"audienceMode":"adult","experimentId":"prg-1sadww"},"src":"config_fr-fr_prg-1sadww_adult.json"},{"targetScope":{"locale":{"language":"de","market":"de"},"audienceMode":"adult","experimentId":"prg-1sadww"},"src":"config_de-de_prg-1sadww_adult.json"},{"targetScope":{"locale":{"language":"en","market":"my"},"audienceMode":"adult","experimentId":"prg-gaming"},"src":"config_en-my_prg-gaming_adult.json"},{"targetScope":{"locale":{"language":"fr","market":"be"},"audienceMode":"adult","experimentId":"prg-mdbatch1-rev"},"src":"config_fr-be_prg-mdbatch1-rev_adult.json"},{"targetScope":{"locale":{"language":"en","market":"au"},"audienceMode":"adult","experimentId":"prg-1sadww"},"src":"config_en-au_prg-1sadww_adult.json"},{"targetScope":{"locale":{"language":"en","market":"ie"},"audienceMode":"adult","experimentId":"prg-gaming"},"src":"config_en-ie_prg-gaming_adult.json"},{"targetScope":{"locale":{"language":"ja","market":"jp"},"audienceMode":"adult","experimentId":"prg-jprewards-rev"},"src":"config_ja-jp_prg-jprewards-rev_adult.json"},{"targetScope":{"locale":{"language":"en","market":"ae"},"audienceMode":"adult","experimentId":"prg-gaming-p"},"src":"config_en-ae_prg-gaming-p_adult.json"},{"targetScope":{"locale":{"language":"en","market":"gb"},"audienceMode":"adult","experimentId":"prg-1sadww"},"src":"config_en-gb_prg-1sadww_adult.json"},{"targetScope":{"locale":{"language":"en","market":"id"},"audienceMode":"adult","experimentId":"prg-gaming"},"src":"config_en-id_prg-gaming_adult.json"},{"targetScope":{"locale":{"language":"en","market":"ae"},"audienceMode":"adult","experimentId":"prg-gaming"},"src":"config_en-ae_prg-gaming_adult.json"},{"targetScope":{"locale":{"language":"en","market":"ca"},"audienceMode":"adult","experimentId":"prg-1sadww"},"src":"config_en-ca_prg-1sadww_adult.json"},{"targetScope":{"locale":{"language":"en","market":"id"},"audienceMode":"adult","experimentId":"prg-gaming-p"},"src":"config_en-id_prg-gaming-p_adult.json"},{"targetScope":{"locale":{"language":"de","market":"de"},"audienceMode":"adult","experimentId":"prg-gaming"},"src":"config_de-de_prg-gaming_adult.json"},{"targetScope":{"locale":{"language":"en","market":"ie"},"audienceMode":"adult","experimentId":"prg-gaming-p"},"src":"config_en-ie_prg-gaming-p_adult.json"},{"targetScope":{"locale":{"language":"en","market":"us"},"audienceMode":"adult","experimentId":"prg-1sad-rev"},"src":"config_en-us_prg-1sad-rev_adult.json"},{"targetScope":{"locale":{"language":"en","market":"my"},"audienceMode":"adult","experimentId":"prg-gaming-p"},"src":"config_en-my_prg-gaming-p_adult.json"},{"targetScope":{"locale":{"language":"fr","market":"fr"},"audienceMode":"adult","experimentId":"prg-gaming"},"src":"config_fr-fr_prg-gaming_adult.json"},{"targetScope":{"locale":{"language":"en","market":"nz"},"audienceMode":"adult","experimentId":"prg-gaming-p"},"src":"config_en-nz_prg-gaming-p_adult.json"},{"targetScope":{"locale":{"language":"es","market":"es"},"audienceMode":"adult","experimentId":"prg-gaming"},"src":"config_es-es_prg-gaming_adult.json"},{"targetScope":{"locale":{"language":"en","market":"ph"},"audienceMode":"adult","experimentId":"prg-gaming-p"},"src":"config_en-ph_prg-gaming-p_adult.json"},{"targetScope":{"locale":{"language":"it","market":"it"},"audienceMode":"adult","experimentId":"prg-gaming"},"src":"config_it-it_prg-gaming_adult.json"},{"targetScope":{"locale":{"language":"en","market":"sg"},"audienceMode":"adult","experimentId":"prg-gaming-p"},"src":"config_en-sg_prg-gaming-p_adult.json"},{"targetScope":{"locale":{"language":"pt","market":"br"},"audienceMode":"adult","experimentId":"prg-gaming"},"src":"config_pt-br_prg-gaming_adult.json"},{"targetScope":{"locale":{"language":"en","market":"za"},"audienceMode":"adult","experimentId":"prg-gaming-p"},"src":"config_en-za_prg-gaming-p_adult.json"},{"targetScope":{"locale":{"language":"es","market":"mx"},"audienceMode":"adult","experimentId":"prg-gaming"},"src":"config_es-mx_prg-gaming_adult.json"},{"targetScope":{"locale":{"language":"pl","market":"pl"},"audienceMode":"adult","experimentId":"prg-gaming-p"},"src":"config_pl-pl_prg-gaming-p_adult.json"},{"targetScope":{"locale":{"language":"ru","market":"ru"},"audienceMode":"adult","experimentId":"prg-gaming"},"src":"config_ru-ru_prg-gaming_adult.json"},{"targetScope":{"locale":{"language":"ja","market":"jp"},"audienceMode":"adult","experimentId":"prg-gaming"},"src":"config_ja-jp_prg-gaming_adult.json"},{"targetScope":{"locale":{"language":"ko","market":"kr"},"audienceMode":"adult","experimentId":"prg-gaming-p"},"src":"config_ko-kr_prg-gaming-p_adult.json"}]}