{"experienceType":"EdgeChromiumPageWC","configs":[{"src":"config_ar.json","targetScope":{"locale":{"language":"ar"}}},{"src":"config_bg.json","targetScope":{"locale":{"language":"bg"}}},{"src":"config_ca.json","targetScope":{"locale":{"language":"ca"}}},{"src":"config_cs.json","targetScope":{"locale":{"language":"cs"}}},{"src":"config_cy.json","targetScope":{"locale":{"language":"cy"}}},{"src":"config_da.json","targetScope":{"locale":{"language":"da"}}},{"src":"config_de.json","targetScope":{"locale":{"language":"de"}}},{"src":"config_el.json","targetScope":{"locale":{"language":"el"}}},{"src":"config_en.json","targetScope":{"locale":{"language":"en"}}},{"src":"config_es.json","targetScope":{"locale":{"language":"es"}}},{"src":"config_et.json","targetScope":{"locale":{"language":"et"}}},{"src":"config_eu.json","targetScope":{"locale":{"language":"eu"}}},{"src":"config_fa.json","targetScope":{"locale":{"language":"fa"}}},{"src":"config_fi.json","targetScope":{"locale":{"language":"fi"}}},{"src":"config_fr.json","targetScope":{"locale":{"language":"fr"}}},{"src":"config_gl.json","targetScope":{"locale":{"language":"gl"}}},{"src":"config_he.json","targetScope":{"locale":{"language":"he"}}},{"src":"config_hi.json","targetScope":{"locale":{"language":"hi"}}},{"src":"config_hr.json","targetScope":{"locale":{"language":"hr"}}},{"src":"config_hu.json","targetScope":{"locale":{"language":"hu"}}},{"src":"config_id.json","targetScope":{"locale":{"language":"id"}}},{"src":"config_is.json","targetScope":{"locale":{"language":"is"}}},{"src":"config_it.json","targetScope":{"locale":{"language":"it"}}},{"src":"config_ja.json","targetScope":{"locale":{"language":"ja"}}},{"src":"config_ka.json","targetScope":{"locale":{"language":"ka"}}},{"src":"config_ko.json","targetScope":{"locale":{"language":"ko"}}},{"src":"config_lt.json","targetScope":{"locale":{"language":"lt"}}},{"src":"config_lv.json","targetScope":{"locale":{"language":"lv"}}},{"src":"config_mk.json","targetScope":{"locale":{"language":"mk"}}},{"src":"config_mr.json","targetScope":{"locale":{"language":"mr"}}},{"src":"config_nb.json","targetScope":{"locale":{"language":"nb"}}},{"src":"config_ne.json","targetScope":{"locale":{"language":"ne"}}},{"src":"config_nl.json","targetScope":{"locale":{"language":"nl"}}},{"src":"config_nn.json","targetScope":{"locale":{"language":"nn"}}},{"src":"config_pl.json","targetScope":{"locale":{"language":"pl"}}},{"src":"config_ro.json","targetScope":{"locale":{"language":"ro"}}},{"src":"config_ru.json","targetScope":{"locale":{"language":"ru"}}},{"src":"config_sk.json","targetScope":{"locale":{"language":"sk"}}},{"src":"config_sl.json","targetScope":{"locale":{"language":"sl"}}},{"src":"config_sq.json","targetScope":{"locale":{"language":"sq"}}},{"src":"config_sv.json","targetScope":{"locale":{"language":"sv"}}},{"src":"config_te.json","targetScope":{"locale":{"language":"te"}}},{"src":"config_th.json","targetScope":{"locale":{"language":"th"}}},{"src":"config_tr.json","targetScope":{"locale":{"language":"tr"}}},{"src":"config_uk.json","targetScope":{"locale":{"language":"uk"}}},{"src":"config_ur.json","targetScope":{"locale":{"language":"ur"}}},{"src":"config_vi.json","targetScope":{"locale":{"language":"vi"}}},{"src":"config_latn-az.json","targetScope":{"locale":{"language":"az","script":"latn"}}},{"src":"config_latn-sr.json","targetScope":{"locale":{"language":"sr","script":"latn"}}},{"src":"config_az-latn.json","targetScope":{"locale":{"language":"az","market":"latn"}}},{"src":"config_bn-in.json","targetScope":{"locale":{"language":"bn","market":"in"}}},{"src":"config_ca-es-valencia.json","targetScope":{"locale":{"language":"ca","market":"es-valencia"}}},{"src":"config_de-at.json","targetScope":{"locale":{"language":"de","market":"at"}}},{"src":"config_de-ch.json","targetScope":{"locale":{"language":"de","market":"ch"}}},{"src":"config_en-au.json","targetScope":{"locale":{"language":"en","market":"au"}}},{"src":"config_en-ca.json","targetScope":{"locale":{"language":"en","market":"ca"}}},{"src":"config_en-gb.json","targetScope":{"locale":{"language":"en","market":"gb"}}},{"src":"config_en-ie.json","targetScope":{"locale":{"language":"en","market":"ie"}}},{"src":"config_en-my.json","targetScope":{"locale":{"language":"en","market":"my"}}},{"src":"config_en-nz.json","targetScope":{"locale":{"language":"en","market":"nz"}}},{"src":"config_en-sg.json","targetScope":{"locale":{"language":"en","market":"sg"}}},{"src":"config_en-za.json","targetScope":{"locale":{"language":"en","market":"za"}}},{"src":"config_en-ae.json","targetScope":{"locale":{"language":"en","market":"ae"}}},{"src":"config_en-in.json","targetScope":{"locale":{"language":"en","market":"in"}}},{"src":"config_es-ar.json","targetScope":{"locale":{"language":"es","market":"ar"}}},{"src":"config_es-es.json","targetScope":{"locale":{"language":"es","market":"es"}}},{"src":"config_fr-be.json","targetScope":{"locale":{"language":"fr","market":"be"}}},{"src":"config_fr-ca.json","targetScope":{"locale":{"language":"fr","market":"ca"}}},{"src":"config_nl-be.json","targetScope":{"locale":{"language":"nl","market":"be"}}},{"src":"config_pt-br.json","targetScope":{"locale":{"language":"pt","market":"br"}}},{"src":"config_pt-pt.json","targetScope":{"locale":{"language":"pt","market":"pt"}}},{"src":"config_sr-latn.json","targetScope":{"locale":{"language":"sr","market":"latn"}}},{"src":"config_zh-cn.json","targetScope":{"locale":{"language":"zh","market":"cn"}}},{"src":"config_zh-hans.json","targetScope":{"locale":{"language":"zh","market":"hans"}}},{"src":"config_zh-tw.json","targetScope":{"locale":{"language":"zh","market":"tw"}}},{"src":"config_zh-hant.json","targetScope":{"locale":{"language":"zh","market":"hant"}}},{"src":"config_zh-hk.json","targetScope":{"locale":{"language":"zh","market":"hk"}}},{"src":"config_cyrl-sr-ba.json","targetScope":{"locale":{"language":"sr","market":"ba","script":"cyrl"}}},{"src":"config_cyrl-sr-rs.json","targetScope":{"locale":{"language":"sr","market":"rs","script":"cyrl"}}},{"src":"config_latn-sr-rs.json","targetScope":{"locale":{"language":"sr","market":"rs","script":"latn"}}}]}