{"properties":{"dataConnectors":[{"screenWidth":"Any","children":[{"instanceId":"","configRef":{"experienceType":"TelemetryData","instanceSrc":"default"}},{"instanceId":"","configRef":{"experienceType":"TelemetryDataEdgeChromium","instanceSrc":"default"}},{"instanceId":"IrisData","configRef":{"experienceType":"IrisData","instanceSrc":"default"}},{"instanceId":"SmartListSharedData","configRef":{"experienceType":"SmartListSharedData","instanceSrc":"default"}},{"instanceId":"","configRef":{"experienceType":"ExperienceTrackerEdgeNextData","instanceSrc":"default"}},{"instanceId":"","configRef":{"experienceType":"ChromiumPageSettings","instanceSrc":"default"}},{"instanceId":"","configRef":{"experienceType":"TopicData","instanceSrc":"default"}},{"instanceId":"BackgroundData","configRef":{"experienceType":"BackgroundData","instanceSrc":"default"}},{"instanceId":"ChannelData","configRef":{"experienceType":"ChannelData","instanceSrc":"default"}},{"instanceId":"NurturingPlacementManager","configRef":{"experienceType":"NurturingPlacementManager","instanceSrc":"default"}}]}],"childRefs":{"backgroundGallery":{"instanceId":"BackgroundGallery","configRef":{"experienceType":"BackgroundGallery","instanceSrc":"default"}},"backgroundImage":{"instanceId":"BackgroundImageWC","configRef":{"experienceType":"BackgroundImageWC","instanceSrc":"default"}},"conditionalBanner":{"instanceId":"ConditionalBannerWC","configRef":{"experienceType":"ConditionalBannerWC","instanceSrc":"default"}},"gamingDiscoverStrip":{"instanceId":"GamingDiscoverStrip","configRef":{"experienceType":"GamingDiscoverStrip","instanceSrc":"default"}},"search":{"instanceId":"CommonSearchBoxEdgeNext","configRef":{"experienceType":"CommonSearchBoxEdgeNext","instanceSrc":"default"}},"settings":{"instanceId":"CommonSettingsEdgeNext","configRef":{"experienceType":"CommonSettingsEdgeNext","instanceSrc":"default"}},"superCoachMark":{"instanceId":"SuperCoachMarkWC","configRef":{"experienceType":"SuperCoachMarkWC","instanceSrc":"default"}},"topSites":{"instanceId":"TopSitesEdgeNextWC","configRef":{"experienceType":"TopSitesEdgeNextWC","instanceSrc":"default"}},"waffle":{"instanceId":"WaffleWC","configRef":{"experienceType":"WaffleWC","instanceSrc":"default"}},"welcomeGreeting":{"instanceId":"WelcomeGreetingLight","configRef":{"experienceType":"WelcomeGreetingLight","instanceSrc":"default"}},"notificationBell":{"instanceId":"NotificationBellWC","configRef":{"experienceType":"NotificationBellWC","instanceSrc":"default"}},"feedback":{"instanceId":"FeedbackLink","configRef":{"experienceType":"FeedbackLinkWC","instanceSrc":"default"}},"superNav":{"instanceId":"SuperNav","configRef":{"experienceType":"SuperNav","instanceSrc":"default"}},"marketLanguageToggleWC":{"instanceId":"MarketLanguageToggleWC","configRef":{"experienceType":"MarketLanguageToggleWC","instanceSrc":"default"}},"shoppingNotification":{"instanceId":"ShoppingNotification","configRef":{"experienceType":"ShoppingNotification","instanceSrc":"default"}},"scrollDownButton":{"instanceId":"ScrollDownButton","configRef":{"experienceType":"ScrollDownButton","instanceSrc":"default"}},"superBreakingNews":{"instanceId":"SuperBreakingNews","configRef":{"experienceType":"SuperBreakingNews","instanceSrc":"default"}},"toastWC":{"instanceId":"ToastWC","configRef":{"experienceType":"ToastWC","instanceSrc":"default"}}},"autoHideQuickLinksInAlways":true,"disableBackgroundGallery":false,"enableSuperCardsBundles":true,"enableSuperVideoCardBundles":true,"topLeftDisplayMode":"none","serviceWorker":{"enabled":"true","registrationEnabled":"true","unregistrationEnabled":"false","disableOnLowEndDevices":"false","riverAgeMinutes":2880,"navAgeMinutes":2880,"enableNavPreload":true,"enableNetworkFirst":true,"enableEmptySectionRoute":true,"enableFallbackVerticalsFeed":true,"networkTimeoutSeconds":5},"topSitesCollapsibleControlConfig":{"showCollapsibleControl":true,"collapsibleControlIsDefaultCollapsed":false,"collapseForDefaultInformational":false},"translucentFeed":{"enableTranslucentFeed":true,"disableSticky":true,"feedOpacity":"1","feedBoxShadow":"rgb(0 0 0 / 40%) 0px 0px 50px 8px","feedSidePadding":"20px","feedBorderRadius":"12px"},"enableWpoTopSitesConfigOverride":true,"enableOneColumn":true,"authManager":{"useRetryDecorator":true,"useInMemoryCache":false},"enableScrollPerfMetrics":true,"enableNewQuickLinksPositionInAlways":true,"enableWpoPromotHistory":true,"enableEarlyMainFeedRequest":true,"maxPeekViewport":278,"peekAddWhenTPSColps":0,"enableMultiLineSearchBox":false,"useTreatmentsFromFeedResponse":true,"useTreatmentsFromFeedResponseSuperDp":true,"enableContentPlaceHolder":true,"enableSuperInfopaneCard24Bundles":true,"enableHeadingsOnlyCardSlivers":false,"headingsOnlyHeightReduction":0,"showCodexBingIcon":false,"enableScrollInputTracking":true,"enableTopNav":false,"enbWpoPromotionFromPSL":true,"enableEdgeFeedCoachmark":true,"logoRedirectionUrl":"https://{hostName}/{localeCode}/feed","enableReduceSectionHeight":true,"enableMoveTopSitesTop":true,"enableConsistentRowGap":true}}