{"properties":{"localizedStrings":{"backgroundGalleryBelowMinimumWidthToastText":"Please increase window width to see background gallery","termOfUseBanner1Description":"We're updating our Terms of Use","termOfUseBanner2Description":"We've updated our Terms of Use","termOfUseBannerEngageBtnLabel":"Learn More","termOfUseBannerDismBtnLabel":"Dismiss","pinProng1BannerDescription":"Open Windows News and interests to see your weather updates and so much more!","pinProng1BannerDescription1":"Open Windows News and Interests to see your weather, sports, finance, and so much more!","pinProng1CoachmarkHeadingText":"Weather updates and so much more","pinProng1CoachmarkBodyText":"Keep up with breaking news. Know all the latest scores. Prepare for changing weather. Effortlessly stay up to date.","pinProngEngageBtnLabel":"Try it now","pinProngCloseBtnLabel":"No thanks","edgeFeedBelowTheFoldCoachmark":{"title":"Stay up to date with news and interests!","description":"We've curated the news feed based on your interest. You can turn it on or off by going to Page Settings."},"logoTitleText":"Click to refresh page","logoSeeMoreTitleText":"Click to see more","copilotRequestText":"Ask me anything","openCopilotTitleText":"Ask Copilot","copilotCoachmarkText":"Take a break!","lunarNewYearCoachMarkTitle":"Get lunar new year themes!","lunarNewYearCoachMarkContent":"Lunar new year themes big update, and you can draw lunar new year's blessings!","lunarNewYearCoachMarkConfirm":"Get new themes","lunarNewYearCoachMarkCancel":"Later","marqueeAdSponsorText":"Sponsored by","dismissMarqueeAdText":"Close"}}}