{"actions":[{"$type":"cache","key":{"uri":"google.com","inheritance":"none"},"maxAge":100800000000,"serverContext":"1;ca3796b9-65c1-a244-ab2a-bc5289ffa266;PHSH:000;7E-05","responseCategory":"Allowed","result":{"$type":"allow"}}],"serverContext":"1;ca3796b9-65c1-a244-ab2a-bc5289ffa266;PHSH:000;7E-05","result":{"$type":"allow","responseCategory":"Allowed","serverContext":"1;ca3796b9-65c1-a244-ab2a-bc5289ffa266;PHSH:000;7E-05","feedbackUrl":"https://feedback.smartscreen.microsoft.com/feedback.aspx?v=6&t=12553&result=none&type=top&ur=PHSH%3A000&osVer=10.0.19045.3324.vb_release&ieVer=9.11.19041.0&prodGuid=41a438bc-1249-43d3-a26d-69cd62c08317&locale=en-US&fv=281483718098944&dv=638004170464094982&url=aHR0cHM6Ly9nb29nbGUuY29tLw%3D%3D&corrId=365201ef-05d4-474d-9955-ffd3a9615248"}}