{"actions":[{"$type":"cache","key":{"uri":"jpetstore.aspectran.com/cart/additemtocart?itemid=est-1","inheritance":"none"},"maxAge":100800000000,"serverContext":"1;f94c025f-7523-6972-b613-ce2c246c55ce;UNKN:100;0.01","responseCategory":"Allowed","result":{"$type":"evaluate"}}],"serverContext":"1;f94c025f-7523-6972-b613-ce2c246c55ce;UNKN:100;0.01","result":{"$type":"evaluate","responseCategory":"Allowed","serverContext":"1;f94c025f-7523-6972-b613-ce2c246c55ce;UNKN:100;0.01","feedbackUrl":"https://feedback.smartscreen.microsoft.com/feedback.aspx?v=6&t=12553&result=none&type=top&ur=UNKN%3A100&osVer=10.0.19045.3324.vb_release&ieVer=9.11.19041.0&prodGuid=41a438bc-1249-43d3-a26d-69cd62c08317&locale=en-US&fv=281483718098944&dv=638004170464094982&url=aHR0cHM6Ly9qcGV0c3RvcmUuYXNwZWN0cmFuLmNvbS9jYXJ0L2FkZEl0ZW1Ub0NhcnQ%2FaXRlbUlkPUVTVC0x&refUrl=aHR0cHM6Ly9qcGV0c3RvcmUuYXNwZWN0cmFuLmNvbS9jYXRhbG9nL3Byb2R1Y3RzL0ZJLVNXLTAx&hostIp=104.21.27.101&corrId=1f7c7aba-e5c5-40bf-9cfa-06f4c7be4d54"}}