{
  "FilterHeaders": [
    {
      "Header": "x-goog-encode-response-if-executable",
      "IncludeInScript": false
    },
    {
      "Header": "x-goog-api-key",
      "IncludeInScript": false
    },
    {
      "Header": "user-agent",
      "IncludeInScript": false
    },
    {
      "Header": "upgrade-insecure-requests",
      "IncludeInScript": false
    },
    {
      "Header": "sec-fetch-site",
      "IncludeInScript": false
    },
    {
      "Header": "sec-fetch-mode",
      "IncludeInScript": false
    },
    {
      "Header": "sec-fetch-dest",
      "IncludeInScript": false
    },
    {
      "Header": "origin",
      "IncludeInScript": false
    },
    {
      "Header": "if-none-match",
      "IncludeInScript": false
    },
    {
      "Header": "if-modified-since",
      "IncludeInScript": false
    },
    {
      "Header": "authorization",
      "IncludeInScript": false
    },
    {
      "Header": "accept-language",
      "IncludeInScript": false
    },
    {
      "Header": "accept-encoding",
      "IncludeInScript": false
    },
    {
      "Header": "accept",
      "IncludeInScript": false
    },
    {
      "Header": "a-im",
      "IncludeInScript": false
    }
  ],
  "FilterResources": [
    {
      "IsNonResource": false,
      "type": "text/plain"
    },
    {
      "IsNonResource": true,
      "type": "text/html"
    },
    {
      "IsNonResource": false,
      "type": "text/css"
    },
    {
      "IsNonResource": false,
      "type": "image/png"
    },
    {
      "IsNonResource": true,
      "type": "application/json"
    },
    {
      "IsNonResource": false,
      "type": "application/javascript"
    }
  ],
  "GeneralInfo": {
    "BrowserVersion": "",
    "IsWinInetMode": false,
    "MaxUsedConnections": 8,
    "RecordedBrowser": "Chrome",
    "RecordingDate": "Feb-20-2024",
    "RecordingDuration": 56563,
    "RecordingMode": "N/A",
    "RecordingTimeStamp": 1708402542,
    "RecordingType": "Browser",
    "TotalBytesReceived": 22736,
    "TotalBytesSent": 14466,
    "TotalRequests": 24,
    "UserAgent": "Mozilla/5.0 (Windows NT 10.0; Win64; x64) AppleWebKit/537.36 (KHTML, like Gecko) Chrome/121.0.0.0 Safari/537.36"
  },
  "HostInfo": [
    {
      "DomainName": "herokuapp.com",
      "Domains": [
        {
          "HTTPVersion": "HTTP/1.1",
          "IP": "54.83.6.65",
          "IncludeInScript": true,
          "Name": "thinking-tester-contact-list.herokuapp.com",
          "Port": 80,
          "Requests": [
            {
              "CompressionType": "",
              "DataType": "",
              "DownloadTime": 250,
              "EventId": 2569,
              "HttpStatus": 304,
              "Size": 0,
              "URL": "http://thinking-tester-contact-list.herokuapp.com/img/thinkingTesterIcon.png"
            },
            {
              "CompressionType": "",
              "DataType": "",
              "DownloadTime": 250,
              "EventId": 2567,
              "HttpStatus": 304,
              "Size": 0,
              "URL": "http://thinking-tester-contact-list.herokuapp.com/js/login.js"
            },
            {
              "CompressionType": "",
              "DataType": "",
              "DownloadTime": 234,
              "EventId": 2565,
              "HttpStatus": 304,
              "Size": 0,
              "URL": "http://thinking-tester-contact-list.herokuapp.com/css/styles.css"
            },
            {
              "CompressionType": "",
              "DataType": "",
              "DownloadTime": 234,
              "EventId": 2563,
              "HttpStatus": 304,
              "Size": 0,
              "URL": "http://thinking-tester-contact-list.herokuapp.com/img/thinkingTesterLogo.png"
            },
            {
              "CompressionType": "",
              "DataType": "",
              "DownloadTime": 250,
              "EventId": 2561,
              "HttpStatus": 304,
              "Size": 0,
              "URL": "http://thinking-tester-contact-list.herokuapp.com/"
            },
            {
              "CompressionType": "",
              "DataType": "",
              "DownloadTime": 250,
              "EventId": 2559,
              "HttpStatus": 200,
              "Size": 0,
              "URL": "http://thinking-tester-contact-list.herokuapp.com/users/logout"
            },
            {
              "CompressionType": "",
              "DataType": "",
              "DownloadTime": 235,
              "EventId": 2557,
              "HttpStatus": 304,
              "Size": 0,
              "URL": "http://thinking-tester-contact-list.herokuapp.com/img/thinkingTesterIcon.png"
            },
            {
              "CompressionType": "",
              "DataType": "",
              "DownloadTime": 250,
              "EventId": 2555,
              "HttpStatus": 304,
              "Size": 0,
              "URL": "http://thinking-tester-contact-list.herokuapp.com/css/styles.css"
            },
            {
              "CompressionType": "",
              "DataType": "application/javascript",
              "DownloadTime": 235,
              "EventId": 2553,
              "HttpStatus": 200,
              "Size": 343,
              "URL": "http://thinking-tester-contact-list.herokuapp.com/js/logout.js"
            },
            {
              "CompressionType": "",
              "DataType": "text/html",
              "DownloadTime": 250,
              "EventId": 2551,
              "HttpStatus": 200,
              "Size": 234,
              "URL": "http://thinking-tester-contact-list.herokuapp.com/logout"
            },
            {
              "CompressionType": "",
              "DataType": "",
              "DownloadTime": 266,
              "EventId": 2549,
              "HttpStatus": 304,
              "Size": 0,
              "URL": "http://thinking-tester-contact-list.herokuapp.com/img/thinkingTesterIcon.png"
            },
            {
              "CompressionType": "",
              "DataType": "application/json",
              "DownloadTime": 234,
              "EventId": 2547,
              "HttpStatus": 200,
              "Size": 114,
              "URL": "http://thinking-tester-contact-list.herokuapp.com/contacts"
            },
            {
              "CompressionType": "",
              "DataType": "application/javascript",
              "DownloadTime": 234,
              "EventId": 2543,
              "HttpStatus": 200,
              "Size": 3860,
              "URL": "http://thinking-tester-contact-list.herokuapp.com/js/contactList.js"
            },
            {
              "CompressionType": "",
              "DataType": "",
              "DownloadTime": 250,
              "EventId": 2541,
              "HttpStatus": 304,
              "Size": 0,
              "URL": "http://thinking-tester-contact-list.herokuapp.com/css/styles.css"
            },
            {
              "CompressionType": "",
              "DataType": "",
              "DownloadTime": 250,
              "EventId": 2539,
              "HttpStatus": 304,
              "Size": 0,
              "URL": "http://thinking-tester-contact-list.herokuapp.com/img/thinkingTesterLogo.png"
            },
            {
              "CompressionType": "",
              "DataType": "text/html",
              "DownloadTime": 250,
              "EventId": 2532,
              "HttpStatus": 200,
              "Size": 849,
              "URL": "http://thinking-tester-contact-list.herokuapp.com/contactList"
            },
            {
              "CompressionType": "",
              "DataType": "application/json",
              "DownloadTime": 297,
              "EventId": 2530,
              "HttpStatus": 200,
              "Size": 277,
              "URL": "http://thinking-tester-contact-list.herokuapp.com/users/login"
            },
            {
              "CompressionType": "",
              "DataType": "image/png",
              "DownloadTime": 266,
              "EventId": 2501,
              "HttpStatus": 200,
              "Size": 1173,
              "URL": "http://thinking-tester-contact-list.herokuapp.com/img/thinkingTesterIcon.png"
            },
            {
              "CompressionType": "",
              "DataType": "application/javascript",
              "DownloadTime": 250,
              "EventId": 2495,
              "HttpStatus": 200,
              "Size": 907,
              "URL": "http://thinking-tester-contact-list.herokuapp.com/js/login.js"
            },
            {
              "CompressionType": "",
              "DataType": "text/css",
              "DownloadTime": 297,
              "EventId": 2491,
              "HttpStatus": 200,
              "Size": 913,
              "URL": "http://thinking-tester-contact-list.herokuapp.com/css/styles.css"
            },
            {
              "CompressionType": "",
              "DataType": "image/png",
              "DownloadTime": 297,
              "EventId": 2488,
              "HttpStatus": 200,
              "Size": 12718,
              "URL": "http://thinking-tester-contact-list.herokuapp.com/img/thinkingTesterLogo.png"
            },
            {
              "CompressionType": "",
              "DataType": "text/html",
              "DownloadTime": 282,
              "EventId": 2481,
              "HttpStatus": 200,
              "Size": 1303,
              "URL": "http://thinking-tester-contact-list.herokuapp.com/"
            }
          ],
          "SSLCipher": "None",
          "SSLVersion": "None"
        }
      ],
      "IncludeInScript": true
    },
    {
      "DomainName": "googleapis.com",
      "Domains": [
        {
          "HTTPVersion": "HTTP/1.1",
          "IP": "142.250.195.234",
          "IncludeInScript": true,
          "Name": "content-autofill.googleapis.com",
          "Port": 443,
          "Requests": [
            {
              "CompressionType": "gzip",
              "DataType": "text/plain",
              "DownloadTime": 110,
              "EventId": 2511,
              "HttpStatus": 200,
              "Size": 45,
              "URL": "https://content-autofill.googleapis.com/v1/pages/ChVDaHJvbWUvMTIxLjAuNjE2Ny4xODUSIAleCf_JkjztnRIFDXhvEhkSBQ3OQUx6IaxOkUnq3X9e?alt=proto"
            }
          ],
          "SSLCipher": "TLS_AES_256_GCM_SHA384",
          "SSLVersion": "TLS1.3"
        },
        {
          "HTTPVersion": "HTTP/1.1",
          "IP": "142.250.195.67",
          "IncludeInScript": true,
          "Name": "clientservices.googleapis.com",
          "Port": 443,
          "Requests": [
            {
              "CompressionType": "",
              "DataType": "",
              "DownloadTime": 219,
              "EventId": 2468,
              "HttpStatus": 304,
              "Size": 0,
              "URL": "https://clientservices.googleapis.com/chrome-variations/seed?osname=win&channel=stable&milestone=121"
            }
          ],
          "SSLCipher": "TLS_AES_256_GCM_SHA384",
          "SSLVersion": "TLS1.3"
        }
      ],
      "IncludeInScript": true
    }
  ],
  "WebSocket": {
    "IncludeInScript": false,
    "IsScriptIncludeWebSocket": false
  },
  "NumberOfCorrelations": 4
}