{"type":"standard","title":"User (computing)","displaytitle":"<span class=\"mw-page-title-main\">User (computing)</span>","namespace":{"id":0,"text":""},"wikibase_item":"Q278368","titles":{"canonical":"User_(computing)","normalized":"User (computing)","display":"<span class=\"mw-page-title-main\">User (computing)</span>"},"pageid":16301990,"thumbnail":{"source":"https://upload.wikimedia.org/wikipedia/commons/thumb/1/12/User_icon_2.svg/320px-User_icon_2.svg.png","width":320,"height":320},"originalimage":{"source":"https://upload.wikimedia.org/wikipedia/commons/thumb/1/12/User_icon_2.svg/48px-User_icon_2.svg.png","width":48,"height":48},"lang":"en","dir":"ltr","revision":"1189277236","tid":"dfb598c0-b3ef-11ee-b359-4d5320038fb3","timestamp":"2023-12-10T21:27:31Z","description":"Person who uses a computer or network service","description_source":"local","content_urls":{"desktop":{"page":"https://en.wikipedia.org/wiki/User_(computing)","revisions":"https://en.wikipedia.org/wiki/User_(computing)?action=history","edit":"https://en.wikipedia.org/wiki/User_(computing)?action=edit","talk":"https://en.wikipedia.org/wiki/Talk:User_(computing)"},"mobile":{"page":"https://en.m.wikipedia.org/wiki/User_(computing)","revisions":"https://en.m.wikipedia.org/wiki/Special:History/User_(computing)","edit":"https://en.m.wikipedia.org/wiki/User_(computing)?action=edit","talk":"https://en.m.wikipedia.org/wiki/Talk:User_(computing)"}},"extract":"A user is a person who utilizes a computer or network service. \nA user often has a user account and is identified to the system by a username .\nSome software products provide services to other systems and have no direct end users.","extract_html":"<p>A <b>user</b> is a person who utilizes a computer or network service. \nA user often has a <b>user account</b> and is identified to the system by a <b>username</b> .\nSome software products provide services to other systems and have no direct end users.</p>"}