{"type":"standard","title":"Password","displaytitle":"<span class=\"mw-page-title-main\">Password</span>","namespace":{"id":0,"text":""},"wikibase_item":"Q161157","titles":{"canonical":"Password","normalized":"Password","display":"<span class=\"mw-page-title-main\">Password</span>"},"pageid":24304,"thumbnail":{"source":"https://upload.wikimedia.org/wikipedia/commons/thumb/f/f1/Mediawiki_1.25_sign_in_form.png/320px-Mediawiki_1.25_sign_in_form.png","width":320,"height":242},"originalimage":{"source":"https://upload.wikimedia.org/wikipedia/commons/f/f1/Mediawiki_1.25_sign_in_form.png","width":553,"height":419},"lang":"en","dir":"ltr","revision":"1207743086","tid":"0523dcd0-ce61-11ee-b0b6-bb0c28c5ee56","timestamp":"2024-02-15T16:13:41Z","description":"Used for user authentication to prove identity or access approval","description_source":"local","content_urls":{"desktop":{"page":"https://en.wikipedia.org/wiki/Password","revisions":"https://en.wikipedia.org/wiki/Password?action=history","edit":"https://en.wikipedia.org/wiki/Password?action=edit","talk":"https://en.wikipedia.org/wiki/Talk:Password"},"mobile":{"page":"https://en.m.wikipedia.org/wiki/Password","revisions":"https://en.m.wikipedia.org/wiki/Special:History/Password","edit":"https://en.m.wikipedia.org/wiki/Password?action=edit","talk":"https://en.m.wikipedia.org/wiki/Talk:Password"}},"extract":"A password, sometimes called a passcode, is secret data, typically a string of characters, usually used to confirm a user's identity. Traditionally, passwords were expected to be memorized, but the large number of password-protected services that a typical individual accesses can make memorization of unique passwords for each service impractical. Using the terminology of the NIST Digital Identity Guidelines, the secret is held by a party called the claimant while the party verifying the identity of the claimant is called the verifier. When the claimant successfully demonstrates knowledge of the password to the verifier through an established authentication protocol, the verifier is able to infer the claimant's identity.","extract_html":"<p>A <b>password</b>, sometimes called a <b>passcode</b>, is secret data, typically a string of characters, usually used to confirm a user's identity. Traditionally, passwords were expected to be memorized, but the large number of password-protected services that a typical individual accesses can make memorization of unique passwords for each service impractical. Using the terminology of the NIST Digital Identity Guidelines, the secret is held by a party called the <i>claimant</i> while the party verifying the identity of the claimant is called the <i>verifier</i>. When the claimant successfully demonstrates knowledge of the password to the verifier through an established authentication protocol, the verifier is able to infer the claimant's identity.</p>"}