{"ads":[{"active":"1","ad_via_link":"https://discover.buysellads.com/carbon?utm_source=reqres-in-carbon\u0026utm_medium=ad_via_link\u0026utm_campaign=in_unit\u0026utm_term=carbon","asset:smallImage":"666fb34cc45ef6335d5f3e804da16c435856104b","bannerid":"529423","creativeid":"631468","custom_css":"#carbonads{position:fixed;z-index:10}@media only screen and (min-width: 320px) and (max-width: 759px){#carbonads{position:relative}}","description":"Fast implementation, a customizable login experience, and flexible user journeys. Try Auth0 for free","evenodd":"0","external_id":"244307","height":"0","i":"0","identifier":"9288d26db7682d41084cfcde44558066","longimp":"T3AVHWSHTTTTTTHGCZ2NPTTTTTTT73CBKWTTTTTTWTI2C7VTTTTTT","longlink":"THAVHWSHTTTTTTHGCZ2NPTTTTTTT73CBKWTTTTTTWTI2C7VTTTTTTMPEK7PH6WZ7P7SI5LIH27ZD6BJN2MQNC7Z6QJST","num_slots":"1","rendering":"carbon","smallImage":"https://srv.carbonads.net/static/30242/666fb34cc45ef6335d5f3e804da16c435856104b","statimp":"//srv.buysellads.com/ads/imp/x/GTND427EFT7IKK3IC674YKQUCTADE2JWC6SIPZ3JCAYDE53JF6BDK53KC6BDK2QICYBIV2JNCAYDTK7NF6YIV53UHEYI5K3YCK7IK53ECTNCLSZE5QLUCASQ2RUT","statlink":"//srv.buysellads.com/ads/click/x/GTND427EFT7IKK3IC674YKQUCTADE2JWC6SIPZ3JCAYDE53JF6BDK53KC6BDK2QICYBIV2JNCAYDTK7NF6YIV53UHEYI5K3YCK7IK53ECTNCYBZ52K","statview":"//srv.buysellads.com/ads/viewable/x/GTND427EFT7IKK3IC674YKQUCTADE2JWC6SIPZ3JCAYDE53JF6BDK53KC6BDK2QICYBIV2JNCAYDTK7NF6YIV53UHEYI5K3YCK7IK53ECTNFKBZH5REN6SDH","timestamp":"1708337023","width":"0","zoneid":"42200","zonekey":"CE7D6K3E"},{}]}