{"ads":[{"active":"1","ad_via_link":"https://discover.buysellads.com/carbon?utm_source=reqres-in-custom\u0026utm_medium=ad_via_link\u0026utm_campaign=in_unit\u0026utm_term=custom","external_id":"5581","height":"0","identifier":"32eefbddc7ed2ec869a4a675088c19bb","longimp":"T4N7QWSHTTTTTTH36SQNPTTTTTTP4QNIKWTTTTTTWTI2C7VTTTTTT","noincrement":"1","num_slots":"1","rendering":"custom","statimp":"//srv.buysellads.com/ads/imp/x/GTND427EFT7IK237CA7LYKQUCTADCK7NFTYD4Z3JCAYDEK7ICYADTKQKC6BDK2QICYBIV2JNCAYDTK7NF6YI65QUHEYI5K3YCK7IK53ECTNCLSZE5QLUCASQ2RUT","statview":"//srv.buysellads.com/ads/viewable/x/GTND427EFT7IK237CA7LYKQUCTADCK7NFTYD4Z3JCAYDEK7ICYADTKQKC6BDK2QICYBIV2JNCAYDTK7NF6YI65QUHEYI5K3YCK7IK53ECTNFKBZH5REN6SDH","timestamp":"1708337025","width":"0","zoneid":"45581","zonekey":"CEBIP53J"},{}]}