{"ads":[{"active":"1","ad_via_link":"https://discover.buysellads.com/carbon?utm_source=affiliates-carbon\u0026utm_medium=ad_via_link\u0026utm_campaign=in_unit\u0026utm_term=carbon","asset:smallImage":"214e19ab24dfe618f5372f2a8430b9872569ed23","bannerid":"486824","creativeid":"557538","description":"Get 10 Free Images From Adobe Stock. Start Now.","evenodd":"0","external_id":"185168","height":"0","i":"0","identifier":"bcaba3302e93ca389042f1cbfa5f0a75","longimp":"TD7MUWSHTTTTTTTVQGPCPTTTTTT6HQOSKWTTTTTTWTI2C7VTTTTTT","longlink":"TF7MUWSHTTTTTTTVQGPCPTTTTTT6HQOSKWTTTTTTWTI2C7VTTTTTT23NQ3LUPKS4GQENVBPVKQZCLA7UKJWW4RBFPRWE","num_slots":"1","rendering":"carbon","smallImage":"https://srv.carbonads.net/static/30242/214e19ab24dfe618f5372f2a8430b9872569ed23","statimp":"//srv.buysellads.com/ads/imp/x/GTND427EFT7IPK3WCWYLYKQUCTADVKQJCYBIKZ3JCAYDE537CEYD453KC6BDK2QICYBIV2JNCAYDTK7NF6YI65Q7HEYI5K3YCK7IK53ECTNCLSZE5QLUCASQ2RUT","statlink":"//srv.buysellads.com/ads/click/x/GTND427EFT7IPK3WCWYLYKQUCTADVKQJCYBIKZ3JCAYDE537CEYD453KC6BDK2QICYBIV2JNCAYDTK7NF6YI65Q7HEYI5K3YCK7IK53ECTNCYBZ52K","statview":"//srv.buysellads.com/ads/viewable/x/GTND427EFT7IPK3WCWYLYKQUCTADVKQJCYBIKZ3JCAYDE537CEYD453KC6BDK2QICYBIV2JNCAYDTK7NF6YI65Q7HEYI5K3YCK7IK53ECTNFKBZH5REN6SDH","timestamp":"1708337027","width":"0","zoneid":"32083","zonekey":"CK7DT53I"},{}]}