{"ads":[{"active":"1","ad_via_link":"https://discover.buysellads.com/carbon?utm_source=affiliates-carbon\u0026utm_medium=ad_via_link\u0026utm_campaign=in_unit\u0026utm_term=carbon","asset:smallImage":"2ba64892272a689daf5cc473b26b988461df56e7","bannerid":"486824","creativeid":"557537","description":"Adobe Creative Cloud for Teams. Put creativity to work.","evenodd":"0","external_id":"185167","height":"0","i":"0","identifier":"bcaba3302e93ca389042f1cbfa5f0a75","longimp":"TD7MUWSHTTTTTTTVQGPCPTTTTTT6DQOSKWTTTTTTWTI2C7VTTTTTT","longlink":"TF7MUWSHTTTTTTTVQGPCPTTTTTT6DQOSKWTTTTTTWTI2C7VTTTTTT77U2H7UPS7YPJ3MPMIHQJEMKEZEPM3MLRZVQKBT","num_slots":"1","rendering":"carbon","smallImage":"https://srv.carbonads.net/static/30242/2ba64892272a689daf5cc473b26b988461df56e7","statimp":"//srv.buysellads.com/ads/imp/x/GTND427EFT7IPK3WCWYLYKQUCTADVKQJCYBIKZ3JCAYDE537CEYD427KC6BDK2QICYBIV2JNCAYDTK7NF6YI65QWHEYI5K3YCK7IK53ECTNCLSZE5QLUCASQ2RUT","statlink":"//srv.buysellads.com/ads/click/x/GTND427EFT7IPK3WCWYLYKQUCTADVKQJCYBIKZ3JCAYDE537CEYD427KC6BDK2QICYBIV2JNCAYDTK7NF6YI65QWHEYI5K3YCK7IK53ECTNCYBZ52K","statview":"//srv.buysellads.com/ads/viewable/x/GTND427EFT7IPK3WCWYLYKQUCTADVKQJCYBIKZ3JCAYDE537CEYD427KC6BDK2QICYBIV2JNCAYDTK7NF6YI65QWHEYI5K3YCK7IK53ECTNFKBZH5REN6SDH","timestamp":"1708337086","width":"0","zoneid":"32083","zonekey":"CK7DT53I"},{}]}