{"ads":[{"active":"1","ad_via_link":"https://discover.buysellads.com/carbon?utm_source=reqres-in-carbon\u0026utm_medium=ad_via_link\u0026utm_campaign=in_unit\u0026utm_term=carbon","asset:smallImage":"4f5c7ebd8816c118d229b46c2eea223a7ecd335d","bannerid":"529423","creativeid":"631465","custom_css":"#carbonads{position:fixed;z-index:10}@media only screen and (min-width: 320px) and (max-width: 759px){#carbonads{position:relative}}","description":"Fast implementation, a customizable login experience, and flexible user journeys. Try Auth0 for free","evenodd":"0","external_id":"244304","height":"0","i":"0","identifier":"9288d26db7682d41084cfcde44558066","longimp":"T3AVHWSHTTTTTTHGCZ2NPTTTTTTTI3CBKWTTTTTTWTI2C7VTTTTTT","longlink":"THAVHWSHTTTTTTHGCZ2NPTTTTTTTI3CBKWTTTTTTWTI2C7VTTTTTTNZIPJ7H6SZMCRVWWBQJ5JU6WNPLP3L6Y5ZH5MAT","num_slots":"1","rendering":"carbon","smallImage":"https://srv.carbonads.net/static/30242/4f5c7ebd8816c118d229b46c2eea223a7ecd335d","statimp":"//srv.buysellads.com/ads/imp/x/GTND427EFT7IKK3IC674YKQUCTADE2JWC6SIPZ3JCAYDE53JF6BDK2QKC6BDK2QICYBIV2JNCAYDTK7NF6YIC27YHEYI5K3YCK7IK53ECTNCLSZE5QLUCASQ2RUT","statlink":"//srv.buysellads.com/ads/click/x/GTND427EFT7IKK3IC674YKQUCTADE2JWC6SIPZ3JCAYDE53JF6BDK2QKC6BDK2QICYBIV2JNCAYDTK7NF6YIC27YHEYI5K3YCK7IK53ECTNCYBZ52K","statview":"//srv.buysellads.com/ads/viewable/x/GTND427EFT7IKK3IC674YKQUCTADE2JWC6SIPZ3JCAYDE53JF6BDK2QKC6BDK2QICYBIV2JNCAYDTK7NF6YIC27YHEYI5K3YCK7IK53ECTNFKBZH5REN6SDH","timestamp":"1708337106","width":"0","zoneid":"42200","zonekey":"CE7D6K3E"},{}]}