{"ads":[{"active":"1","ad_via_link":"https://discover.buysellads.com/carbon?utm_source=reqres-in-carbon\u0026utm_medium=ad_via_link\u0026utm_campaign=in_unit\u0026utm_term=carbon","custom_css":"#carbonads{position:fixed;z-index:10}@media only screen and (min-width: 320px) and (max-width: 759px){#carbonads{position:relative}}","external_id":"2200","height":"0","identifier":"9288d26db7682d41084cfcde44558066","longimp":"T3AVHWSHTTTTTTH36SQNPTTTTTTP4QNIKWTTTTTTWTI2C7VTTTTTT","noincrement":"1","num_slots":"1","rendering":"carbon","statimp":"//srv.buysellads.com/ads/imp/x/GTND427EFT7IKK3IC674YKQUCTADCK7NFTYD4Z3JCAYDEK7ICYADTKQKC6BDK2QICYBIV2JNCAYDTK7NF6YIC277HEYI5K3YCK7IK53ECTNCLSZE5QLUCASQ2RUT","statview":"//srv.buysellads.com/ads/viewable/x/GTND427EFT7IKK3IC674YKQUCTADCK7NFTYD4Z3JCAYDEK7ICYADTKQKC6BDK2QICYBIV2JNCAYDTK7NF6YIC277HEYI5K3YCK7IK53ECTNFKBZH5REN6SDH","timestamp":"1708337107","width":"0","zoneid":"42200","zonekey":"CE7D6K3E"},{}]}