{
  "FilterHeaders": [
    {
      "Header": "x-goog-update-updater",
      "IncludeInScript": false
    },
    {
      "Header": "x-goog-update-interactivity",
      "IncludeInScript": false
    },
    {
      "Header": "x-goog-update-appid",
      "IncludeInScript": false
    },
    {
      "Header": "x-client-data",
      "IncludeInScript": false
    },
    {
      "Header": "user-agent",
      "IncludeInScript": false
    },
    {
      "Header": "upgrade-insecure-requests",
      "IncludeInScript": false
    },
    {
      "Header": "sec-fetch-site",
      "IncludeInScript": false
    },
    {
      "Header": "sec-fetch-mode",
      "IncludeInScript": false
    },
    {
      "Header": "sec-fetch-dest",
      "IncludeInScript": false
    },
    {
      "Header": "sec-ch-ua-platform",
      "IncludeInScript": false
    },
    {
      "Header": "sec-ch-ua-mobile",
      "IncludeInScript": false
    },
    {
      "Header": "sec-ch-ua",
      "IncludeInScript": false
    },
    {
      "Header": "pragma",
      "IncludeInScript": false
    },
    {
      "Header": "origin",
      "IncludeInScript": false
    },
    {
      "Header": "if-none-match",
      "IncludeInScript": false
    },
    {
      "Header": "if-modified-since",
      "IncludeInScript": false
    },
    {
      "Header": "content-encoding",
      "IncludeInScript": false
    },
    {
      "Header": "cache-control",
      "IncludeInScript": false
    },
    {
      "Header": "authorization",
      "IncludeInScript": false
    },
    {
      "Header": "accept-language",
      "IncludeInScript": false
    },
    {
      "Header": "accept-encoding",
      "IncludeInScript": false
    },
    {
      "Header": "accept",
      "IncludeInScript": false
    }
  ],
  "FilterResources": [
    {
      "IsNonResource": true,
      "type": "text/html"
    },
    {
      "IsNonResource": false,
      "type": "text/css"
    },
    {
      "IsNonResource": false,
      "type": "image/png"
    },
    {
      "IsNonResource": false,
      "type": "application/vnd.google.octet-stream-compressible"
    },
    {
      "IsNonResource": true,
      "type": "application/json"
    },
    {
      "IsNonResource": false,
      "type": "application/javascript"
    }
  ],
  "GeneralInfo": {
    "BrowserVersion": "",
    "IsWinInetMode": false,
    "MaxUsedConnections": 13,
    "RecordedBrowser": "Chrome",
    "RecordingDate": "Feb-09-2024",
    "RecordingDuration": 168032,
    "RecordingMode": "N/A",
    "RecordingTimeStamp": 1707482662,
    "RecordingType": "Browser",
    "TotalBytesReceived": 229887,
    "TotalBytesSent": 21744,
    "TotalRequests": 22,
    "UserAgent": "Mozilla/5.0 (Windows NT 10.0; Win64; x64) AppleWebKit/537.36 (KHTML, like Gecko) Chrome/121.0.0.0 Safari/537.36"
  },
  "HostInfo": [
    {
      "DomainName": "uitestingplayground.com",
      "Domains": [
        {
          "HTTPVersion": "HTTP/1.1",
          "IP": "52.234.209.94",
          "IncludeInScript": true,
          "Name": "uitestingplayground.com",
          "Port": 80,
          "Requests": [
            {
              "CompressionType": "",
              "DataType": "",
              "DownloadTime": 266,
              "EventId": 195,
              "HttpStatus": 304,
              "Size": 0,
              "URL": "http://uitestingplayground.com/static/prism.js"
            },
            {
              "CompressionType": "",
              "DataType": "",
              "DownloadTime": 281,
              "EventId": 193,
              "HttpStatus": 304,
              "Size": 0,
              "URL": "http://uitestingplayground.com/static/style.css"
            },
            {
              "CompressionType": "",
              "DataType": "",
              "DownloadTime": 266,
              "EventId": 191,
              "HttpStatus": 304,
              "Size": 0,
              "URL": "http://uitestingplayground.com/static/prism.css"
            },
            {
              "CompressionType": "gzip",
              "DataType": "text/html",
              "DownloadTime": 281,
              "EventId": 183,
              "HttpStatus": 200,
              "Size": 1862,
              "URL": "http://uitestingplayground.com/dynamicid"
            },
            {
              "CompressionType": "",
              "DataType": "",
              "DownloadTime": 265,
              "EventId": 176,
              "HttpStatus": 304,
              "Size": 0,
              "URL": "http://uitestingplayground.com/static/prism.js"
            },
            {
              "CompressionType": "",
              "DataType": "",
              "DownloadTime": 266,
              "EventId": 172,
              "HttpStatus": 304,
              "Size": 0,
              "URL": "http://uitestingplayground.com/static/prism.css"
            },
            {
              "CompressionType": "",
              "DataType": "",
              "DownloadTime": 266,
              "EventId": 169,
              "HttpStatus": 304,
              "Size": 0,
              "URL": "http://uitestingplayground.com/static/style.css"
            },
            {
              "CompressionType": "gzip",
              "DataType": "text/html",
              "DownloadTime": 282,
              "EventId": 159,
              "HttpStatus": 200,
              "Size": 2073,
              "URL": "http://uitestingplayground.com/dynamictable"
            },
            {
              "CompressionType": "",
              "DataType": "text/html",
              "DownloadTime": 281,
              "EventId": 107,
              "HttpStatus": 404,
              "Size": 150,
              "URL": "http://uitestingplayground.com/favicon.ico"
            },
            {
              "CompressionType": "",
              "DataType": "image/png",
              "DownloadTime": 281,
              "EventId": 93,
              "HttpStatus": 200,
              "Size": 324,
              "URL": "http://uitestingplayground.com/static/fork.png"
            },
            {
              "CompressionType": "gzip",
              "DataType": "text/css",
              "DownloadTime": 281,
              "EventId": 46,
              "HttpStatus": 200,
              "Size": 952,
              "URL": "http://uitestingplayground.com/static/style.css"
            },
            {
              "CompressionType": "gzip",
              "DataType": "application/javascript",
              "DownloadTime": 265,
              "EventId": 44,
              "HttpStatus": 200,
              "Size": 5216,
              "URL": "http://uitestingplayground.com/static/prism.js"
            },
            {
              "CompressionType": "",
              "DataType": "image/png",
              "DownloadTime": 265,
              "EventId": 41,
              "HttpStatus": 200,
              "Size": 171778,
              "URL": "http://uitestingplayground.com/static/cube.png"
            },
            {
              "CompressionType": "gzip",
              "DataType": "text/css",
              "DownloadTime": 265,
              "EventId": 18,
              "HttpStatus": 200,
              "Size": 1127,
              "URL": "http://uitestingplayground.com/static/prism.css"
            },
            {
              "CompressionType": "gzip",
              "DataType": "text/html",
              "DownloadTime": 266,
              "EventId": 8,
              "HttpStatus": 200,
              "Size": 3068,
              "URL": "http://uitestingplayground.com/"
            }
          ],
          "SSLCipher": "None",
          "SSLVersion": "None"
        }
      ],
      "IncludeInScript": true
    },
    {
      "DomainName": "googleapis.com",
      "Domains": [
        {
          "HTTPVersion": "HTTP/1.1",
          "IP": "142.250.205.227",
          "IncludeInScript": true,
          "Name": "update.googleapis.com",
          "Port": 443,
          "Requests": [
            {
              "CompressionType": "gzip",
              "DataType": "application/json",
              "DownloadTime": 265,
              "EventId": 153,
              "HttpStatus": 200,
              "Size": 903,
              "URL": "https://update.googleapis.com/service/update2/json?cup2key=13:swJ3qrl1NDdDdmQwa1KT9HHi4JKjP9-Bis8yAStcBGk&cup2hreq=a61822578950bcc87d95b16fe21c477e656fb59d2d03e6693c97e67162893b0d"
            }
          ],
          "SSLCipher": "TLS_AES_256_GCM_SHA384",
          "SSLVersion": "TLS1.3"
        }
      ],
      "IncludeInScript": true
    },
    {
      "DomainName": "google.com",
      "Domains": [
        {
          "HTTPVersion": "HTTP/1.1",
          "IP": "142.250.193.142",
          "IncludeInScript": true,
          "Name": "clients4.google.com",
          "Port": 443,
          "Requests": [
            {
              "CompressionType": "gzip",
              "DataType": "application/vnd.google.octet-stream-compressible",
              "DownloadTime": 328,
              "EventId": 126,
              "HttpStatus": 200,
              "Size": 254,
              "URL": "https://clients4.google.com/chrome-sync/command/?client=Google+Chrome&client_id=I76XEoEoSqxhEjiZ7akd2w%3D%3D"
            }
          ],
          "SSLCipher": "TLS_AES_256_GCM_SHA384",
          "SSLVersion": "TLS1.3"
        }
      ],
      "IncludeInScript": true
    },
    {
      "DomainName": "github.io",
      "Domains": [
        {
          "HTTPVersion": "HTTP/1.1",
          "IP": "185.199.108.153",
          "IncludeInScript": true,
          "Name": "buttons.github.io",
          "Port": 443,
          "Requests": [
            {
              "CompressionType": "",
              "DataType": "",
              "DownloadTime": 16,
              "EventId": 187,
              "HttpStatus": 304,
              "Size": 0,
              "URL": "https://buttons.github.io/buttons.js"
            },
            {
              "CompressionType": "",
              "DataType": "",
              "DownloadTime": 16,
              "EventId": 178,
              "HttpStatus": 304,
              "Size": 0,
              "URL": "https://buttons.github.io/buttons.js"
            },
            {
              "CompressionType": "gzip",
              "DataType": "application/javascript",
              "DownloadTime": 0,
              "EventId": 83,
              "HttpStatus": 200,
              "Size": 6828,
              "URL": "https://buttons.github.io/buttons.js"
            }
          ],
          "SSLCipher": "TLS_AES_128_GCM_SHA256",
          "SSLVersion": "TLS1.3"
        }
      ],
      "IncludeInScript": true
    },
    {
      "DomainName": "bootstrapcdn.com",
      "Domains": [
        {
          "HTTPVersion": "HTTP/1.1",
          "IP": "104.18.10.207",
          "IncludeInScript": true,
          "Name": "maxcdn.bootstrapcdn.com",
          "Port": 443,
          "Requests": [
            {
              "CompressionType": "br",
              "DataType": "application/javascript",
              "DownloadTime": 63,
              "EventId": 52,
              "HttpStatus": 200,
              "Size": 13529,
              "URL": "https://maxcdn.bootstrapcdn.com/bootstrap/4.0.0/js/bootstrap.min.js"
            },
            {
              "CompressionType": "br",
              "DataType": "text/css",
              "DownloadTime": 47,
              "EventId": 49,
              "HttpStatus": 200,
              "Size": 21823,
              "URL": "https://maxcdn.bootstrapcdn.com/bootstrap/4.0.0/css/bootstrap.min.css"
            }
          ],
          "SSLCipher": "TLS_AES_256_GCM_SHA384",
          "SSLVersion": "TLS1.3"
        }
      ],
      "IncludeInScript": true
    }
  ],
  "WebSocket": {
    "IncludeInScript": false,
    "IsScriptIncludeWebSocket": false
  },
  "NumberOfCorrelations": 0
}