<?xml version="1.0" encoding="UTF-8"?><resp ver="2"><tlm><resps><resp key="1"><namespace svc="watson" ptr="generic" gp="generic" app="msedge.exe"><arg nm="p1" val="msedge.exe" /><arg nm="p2" val="121.0.2277.98" /><arg nm="p3" val="msedge_elf.dll" /><arg nm="p4" val="121.0.2277.98" /><arg nm="p5" val="3081287" /><arg nm="p6" val="utility" /><arg nm="p7" val="0x517a7ed" /><arg nm="p8" val="0" /></namespace><cmd nm="receipt"><arg nm="tm" val="133516760303976906" /><arg nm="buckettbl" val="5" /><arg nm="bucket" val="2b37d0322089ad1c9b3e4b6ff15f91b8" /><arg nm="ibucket" val="1963089431743140280" /></cmd></resp></resps></tlm></resp>