{
  "FilterHeaders": [
    {
      "Header": "x-goog-update-updater",
      "IncludeInScript": false
    },
    {
      "Header": "x-goog-update-interactivity",
      "IncludeInScript": false
    },
    {
      "Header": "x-goog-update-appid",
      "IncludeInScript": false
    },
    {
      "Header": "x-goog-encode-response-if-executable",
      "IncludeInScript": false
    },
    {
      "Header": "x-goog-api-key",
      "IncludeInScript": false
    },
    {
      "Header": "x-client-data",
      "IncludeInScript": false
    },
    {
      "Header": "user-agent",
      "IncludeInScript": false
    },
    {
      "Header": "upgrade-insecure-requests",
      "IncludeInScript": false
    },
    {
      "Header": "sec-fetch-user",
      "IncludeInScript": false
    },
    {
      "Header": "sec-fetch-site",
      "IncludeInScript": false
    },
    {
      "Header": "sec-fetch-mode",
      "IncludeInScript": false
    },
    {
      "Header": "sec-fetch-dest",
      "IncludeInScript": false
    },
    {
      "Header": "sec-ch-ua-platform",
      "IncludeInScript": false
    },
    {
      "Header": "sec-ch-ua-mobile",
      "IncludeInScript": false
    },
    {
      "Header": "sec-ch-ua",
      "IncludeInScript": false
    },
    {
      "Header": "pragma",
      "IncludeInScript": false
    },
    {
      "Header": "origin",
      "IncludeInScript": false
    },
    {
      "Header": "if-none-match",
      "IncludeInScript": false
    },
    {
      "Header": "content-encoding",
      "IncludeInScript": false
    },
    {
      "Header": "cache-control",
      "IncludeInScript": false
    },
    {
      "Header": "authorization",
      "IncludeInScript": false
    },
    {
      "Header": "accept-language",
      "IncludeInScript": false
    },
    {
      "Header": "accept-encoding",
      "IncludeInScript": false
    },
    {
      "Header": "accept",
      "IncludeInScript": false
    },
    {
      "Header": "a-im",
      "IncludeInScript": false
    }
  ],
  "FilterResources": [
    {
      "IsNonResource": false,
      "type": "text/plain"
    },
    {
      "IsNonResource": true,
      "type": "text/html"
    },
    {
      "IsNonResource": false,
      "type": "text/css"
    },
    {
      "IsNonResource": false,
      "type": "image/jpeg"
    },
    {
      "IsNonResource": false,
      "type": "font/woff2"
    },
    {
      "IsNonResource": false,
      "type": "application/vnd.google.octet-stream-compressible"
    },
    {
      "IsNonResource": true,
      "type": "application/json"
    },
    {
      "IsNonResource": false,
      "type": "application/javascript"
    }
  ],
  "GeneralInfo": {
    "BrowserVersion": "",
    "IsWinInetMode": false,
    "MaxUsedConnections": 16,
    "RecordedBrowser": "Chrome",
    "RecordingDate": "Feb-06-2024",
    "RecordingDuration": 219344,
    "RecordingMode": "N/A",
    "RecordingTimeStamp": 1707201548,
    "RecordingType": "Browser",
    "TotalBytesReceived": 517911,
    "TotalBytesSent": 26358,
    "TotalRequests": 24,
    "UserAgent": "Mozilla/5.0 (Windows NT 10.0; Win64; x64) AppleWebKit/537.36 (KHTML, like Gecko) Chrome/121.0.0.0 Safari/537.36"
  },
  "HostInfo": [
    {
      "DomainName": "herokuapp.com",
      "Domains": [
        {
          "HTTPVersion": "HTTP/1.1",
          "IP": "54.235.77.118",
          "IncludeInScript": true,
          "Name": "katalon-demo-cura.herokuapp.com",
          "Port": 443,
          "Requests": [
            {
              "CompressionType": "",
              "DataType": "text/html",
              "DownloadTime": 235,
              "EventId": 1399,
              "HttpStatus": 200,
              "Size": 4234,
              "URL": "https://katalon-demo-cura.herokuapp.com/"
            },
            {
              "CompressionType": "",
              "DataType": "text/html",
              "DownloadTime": 234,
              "EventId": 1397,
              "HttpStatus": 302,
              "Size": 0,
              "URL": "https://katalon-demo-cura.herokuapp.com/authenticate.php?logout"
            },
            {
              "CompressionType": "",
              "DataType": "text/html",
              "DownloadTime": 250,
              "EventId": 1394,
              "HttpStatus": 200,
              "Size": 6666,
              "URL": "https://katalon-demo-cura.herokuapp.com/appointment.php"
            },
            {
              "CompressionType": "",
              "DataType": "text/html",
              "DownloadTime": 250,
              "EventId": 1379,
              "HttpStatus": 200,
              "Size": 8280,
              "URL": "https://katalon-demo-cura.herokuapp.com/"
            },
            {
              "CompressionType": "",
              "DataType": "text/html",
              "DownloadTime": 266,
              "EventId": 1377,
              "HttpStatus": 302,
              "Size": 0,
              "URL": "https://katalon-demo-cura.herokuapp.com/authenticate.php"
            },
            {
              "CompressionType": "",
              "DataType": "text/html",
              "DownloadTime": 250,
              "EventId": 1318,
              "HttpStatus": 200,
              "Size": 7261,
              "URL": "https://katalon-demo-cura.herokuapp.com/profile.php"
            },
            {
              "CompressionType": "",
              "DataType": "text/html",
              "DownloadTime": 235,
              "EventId": 1204,
              "HttpStatus": 404,
              "Size": 196,
              "URL": "https://katalon-demo-cura.herokuapp.com/favicon.ico"
            },
            {
              "CompressionType": "",
              "DataType": "image/jpeg",
              "DownloadTime": 235,
              "EventId": 1129,
              "HttpStatus": 200,
              "Size": 379361,
              "URL": "https://katalon-demo-cura.herokuapp.com//img/header.jpg"
            },
            {
              "CompressionType": "",
              "DataType": "application/javascript",
              "DownloadTime": 235,
              "EventId": 1030,
              "HttpStatus": 200,
              "Size": 1589,
              "URL": "https://katalon-demo-cura.herokuapp.com//js/theme.js"
            },
            {
              "CompressionType": "",
              "DataType": "text/css",
              "DownloadTime": 235,
              "EventId": 1012,
              "HttpStatus": 200,
              "Size": 3211,
              "URL": "https://katalon-demo-cura.herokuapp.com//css/theme.css"
            },
            {
              "CompressionType": "",
              "DataType": "text/html",
              "DownloadTime": 235,
              "EventId": 1003,
              "HttpStatus": 200,
              "Size": 4234,
              "URL": "https://katalon-demo-cura.herokuapp.com/"
            }
          ],
          "SSLCipher": "",
          "SSLVersion": ""
        }
      ],
      "IncludeInScript": true
    },
    {
      "DomainName": "gstatic.com",
      "Domains": [
        {
          "HTTPVersion": "HTTP/1.1",
          "IP": "142.250.183.227",
          "IncludeInScript": true,
          "Name": "fonts.gstatic.com",
          "Port": 443,
          "Requests": [
            {
              "CompressionType": "",
              "DataType": "font/woff2",
              "DownloadTime": 62,
              "EventId": 1179,
              "HttpStatus": 200,
              "Size": 14892,
              "URL": "https://fonts.gstatic.com/s/sourcesanspro/v22/6xK3dSBYKcSV-LCoeQqfX1RYOo3qOK7l.woff2"
            },
            {
              "CompressionType": "",
              "DataType": "font/woff2",
              "DownloadTime": 31,
              "EventId": 1172,
              "HttpStatus": 200,
              "Size": 14712,
              "URL": "https://fonts.gstatic.com/s/sourcesanspro/v22/6xKydSBYKcSV-LCoeQqfX1RYOo3ig4vwlxdu.woff2"
            }
          ],
          "SSLCipher": "TLS_AES_256_GCM_SHA384",
          "SSLVersion": "TLS1.3"
        }
      ],
      "IncludeInScript": true
    },
    {
      "DomainName": "googleapis.com",
      "Domains": [
        {
          "HTTPVersion": "HTTP/1.1",
          "IP": "142.250.195.35",
          "IncludeInScript": true,
          "Name": "update.googleapis.com",
          "Port": 443,
          "Requests": [
            {
              "CompressionType": "gzip",
              "DataType": "application/json",
              "DownloadTime": 297,
              "EventId": 1365,
              "HttpStatus": 200,
              "Size": 902,
              "URL": "https://update.googleapis.com/service/update2/json?cup2key=13:7WNOmMQf1vf7Ot_B44fBGkDaXNXH3VoR_wVO7YFOFAw&cup2hreq=db8901c4f1675c23582a2c467d549d1f3473d4abc1cf5c2da0aec43043033855"
            }
          ],
          "SSLCipher": "TLS_AES_256_GCM_SHA384",
          "SSLVersion": "TLS1.3"
        },
        {
          "HTTPVersion": "HTTP/1.1",
          "IP": "142.250.196.74",
          "IncludeInScript": true,
          "Name": "fonts.googleapis.com",
          "Port": 443,
          "Requests": [
            {
              "CompressionType": "gzip",
              "DataType": "text/css",
              "DownloadTime": 109,
              "EventId": 1080,
              "HttpStatus": 200,
              "Size": 907,
              "URL": "https://fonts.googleapis.com/css?family=Source+Sans+Pro:300,400,700,300italic,400italic,700italic"
            }
          ],
          "SSLCipher": "",
          "SSLVersion": ""
        },
        {
          "HTTPVersion": "HTTP/1.1",
          "IP": "172.217.160.138",
          "IncludeInScript": true,
          "Name": "content-autofill.googleapis.com",
          "Port": 443,
          "Requests": [
            {
              "CompressionType": "gzip",
              "DataType": "text/plain",
              "DownloadTime": 109,
              "EventId": 1357,
              "HttpStatus": 200,
              "Size": 63,
              "URL": "https://content-autofill.googleapis.com/v1/pages/ChVDaHJvbWUvMTIxLjAuNjE2Ny4xNDASLgkHqZJskw0sFxIFDZFhlU4SBQ2RYZVOEgUN541ADhIFDc5BTHohwfHPmPIHasw=?alt=proto"
            }
          ],
          "SSLCipher": "TLS_AES_256_GCM_SHA384",
          "SSLVersion": "TLS1.3"
        },
        {
          "HTTPVersion": "HTTP/1.1",
          "IP": "142.250.195.99",
          "IncludeInScript": true,
          "Name": "clientservices.googleapis.com",
          "Port": 443,
          "Requests": [
            {
              "CompressionType": "",
              "DataType": "",
              "DownloadTime": 219,
              "EventId": 1001,
              "HttpStatus": 304,
              "Size": 0,
              "URL": "https://clientservices.googleapis.com/chrome-variations/seed?osname=win&channel=stable&milestone=121"
            }
          ],
          "SSLCipher": "TLS_AES_256_GCM_SHA384",
          "SSLVersion": "TLS1.3"
        }
      ],
      "IncludeInScript": true
    },
    {
      "DomainName": "google.com",
      "Domains": [
        {
          "HTTPVersion": "HTTP/1.1",
          "IP": "142.250.205.238",
          "IncludeInScript": true,
          "Name": "clients4.google.com",
          "Port": 443,
          "Requests": [
            {
              "CompressionType": "gzip",
              "DataType": "application/vnd.google.octet-stream-compressible",
              "DownloadTime": 343,
              "EventId": 1310,
              "HttpStatus": 200,
              "Size": 255,
              "URL": "https://clients4.google.com/chrome-sync/command/?client=Google+Chrome&client_id=I76XEoEoSqxhEjiZ7akd2w%3D%3D"
            }
          ],
          "SSLCipher": "TLS_AES_256_GCM_SHA384",
          "SSLVersion": "TLS1.3"
        }
      ],
      "IncludeInScript": true
    },
    {
      "DomainName": "cloudflare.com",
      "Domains": [
        {
          "HTTPVersion": "HTTP/1.1",
          "IP": "104.17.25.14",
          "IncludeInScript": true,
          "Name": "cdnjs.cloudflare.com",
          "Port": 443,
          "Requests": [
            {
              "CompressionType": "br",
              "DataType": "application/javascript",
              "DownloadTime": 63,
              "EventId": 1069,
              "HttpStatus": 200,
              "Size": 8944,
              "URL": "https://cdnjs.cloudflare.com/ajax/libs/bootstrap-datepicker/1.6.4/js/bootstrap-datepicker.min.js"
            },
            {
              "CompressionType": "br",
              "DataType": "application/javascript",
              "DownloadTime": 63,
              "EventId": 1067,
              "HttpStatus": 200,
              "Size": 8722,
              "URL": "https://cdnjs.cloudflare.com/ajax/libs/twitter-bootstrap/3.3.7/js/bootstrap.min.js"
            },
            {
              "CompressionType": "br",
              "DataType": "application/javascript",
              "DownloadTime": 63,
              "EventId": 1065,
              "HttpStatus": 200,
              "Size": 29929,
              "URL": "https://cdnjs.cloudflare.com/ajax/libs/jquery/1.11.3/jquery.min.js"
            },
            {
              "CompressionType": "br",
              "DataType": "text/css",
              "DownloadTime": 47,
              "EventId": 1057,
              "HttpStatus": 200,
              "Size": 5631,
              "URL": "https://cdnjs.cloudflare.com/ajax/libs/font-awesome/4.7.0/css/font-awesome.min.css"
            },
            {
              "CompressionType": "br",
              "DataType": "text/css",
              "DownloadTime": 47,
              "EventId": 1052,
              "HttpStatus": 200,
              "Size": 16149,
              "URL": "https://cdnjs.cloudflare.com/ajax/libs/twitter-bootstrap/3.3.7/css/bootstrap.min.css"
            },
            {
              "CompressionType": "br",
              "DataType": "text/css",
              "DownloadTime": 31,
              "EventId": 1048,
              "HttpStatus": 200,
              "Size": 1773,
              "URL": "https://cdnjs.cloudflare.com/ajax/libs/bootstrap-datepicker/1.6.4/css/bootstrap-datepicker.min.css"
            }
          ],
          "SSLCipher": "TLS_AES_256_GCM_SHA384",
          "SSLVersion": "TLS1.3"
        }
      ],
      "IncludeInScript": false
    }
  ],
  "WebSocket": {
    "IncludeInScript": false,
    "IsScriptIncludeWebSocket": false
  },
  "NumberOfCorrelations": 1
}