{
  "FilterHeaders": [
    {
      "Header": "x-goog-encode-response-if-executable",
      "IncludeInScript": false
    },
    {
      "Header": "x-goog-api-key",
      "IncludeInScript": false
    },
    {
      "Header": "user-agent",
      "IncludeInScript": false
    },
    {
      "Header": "upgrade-insecure-requests",
      "IncludeInScript": false
    },
    {
      "Header": "sec-fetch-site",
      "IncludeInScript": false
    },
    {
      "Header": "sec-fetch-mode",
      "IncludeInScript": false
    },
    {
      "Header": "sec-fetch-dest",
      "IncludeInScript": false
    },
    {
      "Header": "origin",
      "IncludeInScript": false
    },
    {
      "Header": "if-none-match",
      "IncludeInScript": false
    },
    {
      "Header": "cache-control",
      "IncludeInScript": false
    },
    {
      "Header": "accept-language",
      "IncludeInScript": false
    },
    {
      "Header": "accept-encoding",
      "IncludeInScript": false
    },
    {
      "Header": "accept",
      "IncludeInScript": false
    },
    {
      "Header": "a-im",
      "IncludeInScript": false
    }
  ],
  "FilterResources": [
    {
      "IsNonResource": false,
      "type": "text/plain"
    },
    {
      "IsNonResource": true,
      "type": "text/html"
    },
    {
      "IsNonResource": false,
      "type": "image/x-ico"
    },
    {
      "IsNonResource": false,
      "type": "image/png"
    },
    {
      "IsNonResource": false,
      "type": "application/octet-stream"
    },
    {
      "IsNonResource": false,
      "type": "application/javascript"
    }
  ],
  "GeneralInfo": {
    "BrowserVersion": "",
    "IsWinInetMode": false,
    "MaxUsedConnections": 6,
    "RecordedBrowser": "Chrome",
    "RecordingDate": "Feb-12-2024",
    "RecordingDuration": 46625,
    "RecordingMode": "N/A",
    "RecordingTimeStamp": 1707755629,
    "RecordingType": "Browser",
    "TotalBytesReceived": 255413,
    "TotalBytesSent": 5545,
    "TotalRequests": 12,
    "UserAgent": "Mozilla/5.0 (Windows NT 10.0; Win64; x64) AppleWebKit/537.36 (KHTML, like Gecko) Chrome/121.0.0.0 Safari/537.36"
  },
  "HostInfo": [
    {
      "DomainName": "theitdepot.com",
      "Domains": [
        {
          "HTTPVersion": "HTTP/1.1",
          "IP": "43.225.53.190",
          "IncludeInScript": true,
          "Name": "theitdepot.com",
          "Port": 80,
          "Requests": [
            {
              "CompressionType": "",
              "DataType": "",
              "DownloadTime": 47,
              "EventId": 58,
              "HttpStatus": 307,
              "Size": 0,
              "URL": "http://theitdepot.com/"
            }
          ],
          "SSLCipher": "None",
          "SSLVersion": "None"
        }
      ],
      "IncludeInScript": true
    },
    {
      "DomainName": "googleapis.com",
      "Domains": [
        {
          "HTTPVersion": "HTTP/1.1",
          "IP": "142.250.77.170",
          "IncludeInScript": true,
          "Name": "content-autofill.googleapis.com",
          "Port": 443,
          "Requests": [
            {
              "CompressionType": "gzip",
              "DataType": "text/plain",
              "DownloadTime": 125,
              "EventId": 208,
              "HttpStatus": 200,
              "Size": 58,
              "URL": "https://content-autofill.googleapis.com/v1/pages/ChVDaHJvbWUvMTIxLjAuNjE2Ny4xNjESIAkJx3XhtGmLFhIFDeeNQA4SBQ3OQUx6IeVn-xF5cyIb?alt=proto"
            }
          ],
          "SSLCipher": "TLS_AES_256_GCM_SHA384",
          "SSLVersion": "TLS1.3"
        },
        {
          "HTTPVersion": "HTTP/1.1",
          "IP": "142.250.195.35",
          "IncludeInScript": true,
          "Name": "clientservices.googleapis.com",
          "Port": 443,
          "Requests": [
            {
              "CompressionType": "",
              "DataType": "application/octet-stream",
              "DownloadTime": 235,
              "EventId": 10,
              "HttpStatus": 200,
              "Size": 77,
              "URL": "https://clientservices.googleapis.com/chrome-variations/seed?osname=win&channel=stable&milestone=121"
            }
          ],
          "SSLCipher": "TLS_AES_256_GCM_SHA384",
          "SSLVersion": "TLS1.3"
        }
      ],
      "IncludeInScript": true
    },
    {
      "DomainName": "10.20.30.1",
      "Domains": [
        {
          "HTTPVersion": "HTTP/1.1",
          "IP": "10.20.30.1",
          "IncludeInScript": true,
          "Name": "10.20.30.1",
          "Port": 8090,
          "Requests": [
            {
              "CompressionType": "",
              "DataType": "text/html",
              "DownloadTime": 16,
              "EventId": 216,
              "HttpStatus": 403,
              "Size": 69642,
              "URL": "http://10.20.30.1:8090/ips/block/webcat?cat=45&pl=1&lu=0&url=aHR0cDovL3RoZWl0ZGVwb3QuY29tLw~~"
            },
            {
              "CompressionType": "",
              "DataType": "text/plain",
              "DownloadTime": 0,
              "EventId": 169,
              "HttpStatus": 200,
              "Size": 25316,
              "URL": "http://10.20.30.1:8090/themes/SophosSans-Light.woff2"
            },
            {
              "CompressionType": "",
              "DataType": "image/png",
              "DownloadTime": 0,
              "EventId": 167,
              "HttpStatus": 200,
              "Size": 1145,
              "URL": "http://10.20.30.1:8090/images/logo-sophos.png"
            },
            {
              "CompressionType": "",
              "DataType": "text/plain",
              "DownloadTime": 0,
              "EventId": 164,
              "HttpStatus": 200,
              "Size": 25020,
              "URL": "http://10.20.30.1:8090/themes/SophosSans-Regular.woff2"
            },
            {
              "CompressionType": "",
              "DataType": "application/javascript",
              "DownloadTime": 15,
              "EventId": 161,
              "HttpStatus": 200,
              "Size": 19628,
              "URL": "http://10.20.30.1:8090/javascript/validation/httpclient.js?ver=56492"
            },
            {
              "CompressionType": "",
              "DataType": "application/javascript",
              "DownloadTime": 16,
              "EventId": 157,
              "HttpStatus": 200,
              "Size": 10433,
              "URL": "http://10.20.30.1:8090/javascript/cyberoamAjax.js"
            },
            {
              "CompressionType": "",
              "DataType": "text/html",
              "DownloadTime": 16,
              "EventId": 153,
              "HttpStatus": 200,
              "Size": 27934,
              "URL": "http://10.20.30.1:8090/httpclient.html"
            },
            {
              "CompressionType": "",
              "DataType": "image/x-ico",
              "DownloadTime": 0,
              "EventId": 144,
              "HttpStatus": 200,
              "Size": 6518,
              "URL": "http://10.20.30.1:8090/favicon.ico"
            },
            {
              "CompressionType": "",
              "DataType": "text/html",
              "DownloadTime": 16,
              "EventId": 129,
              "HttpStatus": 403,
              "Size": 69642,
              "URL": "http://10.20.30.1:8090/ips/block/webcat?cat=45&pl=1&lu=0&url=aHR0cDovL3RoZWl0ZGVwb3QuY29tLw~~"
            }
          ],
          "SSLCipher": "None",
          "SSLVersion": "None"
        }
      ],
      "IncludeInScript": true
    }
  ],
  "WebSocket": {
    "IncludeInScript": false,
    "IsScriptIncludeWebSocket": false
  },
  "NumberOfCorrelations": 0
}