{
  "FilterHeaders": [
    {
      "Header": "x-goog-update-updater",
      "IncludeInScript": false
    },
    {
      "Header": "x-goog-update-interactivity",
      "IncludeInScript": false
    },
    {
      "Header": "x-goog-update-appid",
      "IncludeInScript": false
    },
    {
      "Header": "x-client-data",
      "IncludeInScript": false
    },
    {
      "Header": "user-agent",
      "IncludeInScript": false
    },
    {
      "Header": "upgrade-insecure-requests",
      "IncludeInScript": false
    },
    {
      "Header": "sec-fetch-site",
      "IncludeInScript": false
    },
    {
      "Header": "sec-fetch-mode",
      "IncludeInScript": false
    },
    {
      "Header": "sec-fetch-dest",
      "IncludeInScript": false
    },
    {
      "Header": "sec-ch-ua-platform",
      "IncludeInScript": false
    },
    {
      "Header": "sec-ch-ua-mobile",
      "IncludeInScript": false
    },
    {
      "Header": "sec-ch-ua",
      "IncludeInScript": false
    },
    {
      "Header": "pragma",
      "IncludeInScript": false
    },
    {
      "Header": "origin",
      "IncludeInScript": false
    },
    {
      "Header": "if-none-match",
      "IncludeInScript": false
    },
    {
      "Header": "if-modified-since",
      "IncludeInScript": false
    },
    {
      "Header": "content-encoding",
      "IncludeInScript": false
    },
    {
      "Header": "cache-control",
      "IncludeInScript": false
    },
    {
      "Header": "authorization",
      "IncludeInScript": false
    },
    {
      "Header": "accept-language",
      "IncludeInScript": false
    },
    {
      "Header": "accept-encoding",
      "IncludeInScript": false
    },
    {
      "Header": "accept",
      "IncludeInScript": false
    },
    {
      "Header": "a-im",
      "IncludeInScript": false
    }
  ],
  "FilterResources": [
    {
      "IsNonResource": true,
      "type": "text/html"
    },
    {
      "IsNonResource": false,
      "type": "text/css"
    },
    {
      "IsNonResource": false,
      "type": "image/png"
    },
    {
      "IsNonResource": false,
      "type": "application/vnd.google.octet-stream-compressible"
    },
    {
      "IsNonResource": true,
      "type": "application/json"
    },
    {
      "IsNonResource": false,
      "type": "application/javascript"
    }
  ],
  "GeneralInfo": {
    "BrowserVersion": "",
    "IsWinInetMode": false,
    "MaxUsedConnections": 13,
    "RecordedBrowser": "Chrome",
    "RecordingDate": "Feb-09-2024",
    "RecordingDuration": 145531,
    "RecordingMode": "N/A",
    "RecordingTimeStamp": 1707468663,
    "RecordingType": "Browser",
    "TotalBytesReceived": 223441,
    "TotalBytesSent": 20539,
    "TotalRequests": 18,
    "UserAgent": "Mozilla/5.0 (Windows NT 10.0; Win64; x64) AppleWebKit/537.36 (KHTML, like Gecko) Chrome/121.0.0.0 Safari/537.36"
  },
  "HostInfo": [
    {
      "DomainName": "uitestingplayground.com",
      "Domains": [
        {
          "HTTPVersion": "HTTP/1.1",
          "IP": "52.234.209.94",
          "IncludeInScript": true,
          "Name": "uitestingplayground.com",
          "Port": 80,
          "Requests": [
            {
              "CompressionType": "",
              "DataType": "",
              "DownloadTime": 281,
              "EventId": 166,
              "HttpStatus": 304,
              "Size": 0,
              "URL": "http://uitestingplayground.com/static/prism.js"
            },
            {
              "CompressionType": "",
              "DataType": "",
              "DownloadTime": 281,
              "EventId": 162,
              "HttpStatus": 304,
              "Size": 0,
              "URL": "http://uitestingplayground.com/static/prism.css"
            },
            {
              "CompressionType": "",
              "DataType": "",
              "DownloadTime": 265,
              "EventId": 160,
              "HttpStatus": 304,
              "Size": 0,
              "URL": "http://uitestingplayground.com/static/style.css"
            },
            {
              "CompressionType": "gzip",
              "DataType": "text/html",
              "DownloadTime": 281,
              "EventId": 146,
              "HttpStatus": 200,
              "Size": 2074,
              "URL": "http://uitestingplayground.com/dynamictable"
            },
            {
              "CompressionType": "",
              "DataType": "text/html",
              "DownloadTime": 281,
              "EventId": 102,
              "HttpStatus": 404,
              "Size": 150,
              "URL": "http://uitestingplayground.com/favicon.ico"
            },
            {
              "CompressionType": "",
              "DataType": "image/png",
              "DownloadTime": 281,
              "EventId": 55,
              "HttpStatus": 200,
              "Size": 324,
              "URL": "http://uitestingplayground.com/static/fork.png"
            },
            {
              "CompressionType": "gzip",
              "DataType": "application/javascript",
              "DownloadTime": 281,
              "EventId": 47,
              "HttpStatus": 200,
              "Size": 5216,
              "URL": "http://uitestingplayground.com/static/prism.js"
            },
            {
              "CompressionType": "",
              "DataType": "image/png",
              "DownloadTime": 281,
              "EventId": 45,
              "HttpStatus": 200,
              "Size": 171778,
              "URL": "http://uitestingplayground.com/static/cube.png"
            },
            {
              "CompressionType": "gzip",
              "DataType": "text/css",
              "DownloadTime": 296,
              "EventId": 43,
              "HttpStatus": 200,
              "Size": 952,
              "URL": "http://uitestingplayground.com/static/style.css"
            },
            {
              "CompressionType": "gzip",
              "DataType": "text/css",
              "DownloadTime": 281,
              "EventId": 27,
              "HttpStatus": 200,
              "Size": 1127,
              "URL": "http://uitestingplayground.com/static/prism.css"
            },
            {
              "CompressionType": "gzip",
              "DataType": "text/html",
              "DownloadTime": 281,
              "EventId": 12,
              "HttpStatus": 200,
              "Size": 3068,
              "URL": "http://uitestingplayground.com/"
            }
          ],
          "SSLCipher": "None",
          "SSLVersion": "None"
        }
      ],
      "IncludeInScript": true
    },
    {
      "DomainName": "jquery.com",
      "Domains": [
        {
          "HTTPVersion": "HTTP/1.1",
          "IP": "151.101.66.137",
          "IncludeInScript": true,
          "Name": "code.jquery.com",
          "Port": 443,
          "Requests": [
            {
              "CompressionType": "gzip",
              "DataType": "application/javascript",
              "DownloadTime": 16,
              "EventId": 65,
              "HttpStatus": 200,
              "Size": 30125,
              "URL": "https://code.jquery.com/jquery-3.2.1.min.js"
            }
          ],
          "SSLCipher": "TLS_AES_128_GCM_SHA256",
          "SSLVersion": "TLS1.3"
        }
      ],
      "IncludeInScript": true
    },
    {
      "DomainName": "googleapis.com",
      "Domains": [
        {
          "HTTPVersion": "HTTP/1.1",
          "IP": "142.250.205.227",
          "IncludeInScript": true,
          "Name": "update.googleapis.com",
          "Port": 80,
          "Requests": [
            {
              "CompressionType": "gzip",
              "DataType": "application/json",
              "DownloadTime": 219,
              "EventId": 172,
              "HttpStatus": 200,
              "Size": 169,
              "URL": "http://update.googleapis.com/service/update2/json"
            },
            {
              "CompressionType": "gzip",
              "DataType": "application/json",
              "DownloadTime": 250,
              "EventId": 150,
              "HttpStatus": 200,
              "Size": 1376,
              "URL": "http://update.googleapis.com/service/update2/json?cup2key=13:IzDrD--HnllVD6gnU32t1Ls5qf5EJ3hfAIuyae5No_c&cup2hreq=802843d7ef55e6cb9982b724e5162b9a7df9e8893ba86503bc0c44e852b4e07c"
            }
          ],
          "SSLCipher": "None",
          "SSLVersion": "None"
        },
        {
          "HTTPVersion": "HTTP/1.1",
          "IP": "142.250.71.35",
          "IncludeInScript": true,
          "Name": "clientservices.googleapis.com",
          "Port": 443,
          "Requests": [
            {
              "CompressionType": "",
              "DataType": "",
              "DownloadTime": 204,
              "EventId": 16,
              "HttpStatus": 304,
              "Size": 0,
              "URL": "https://clientservices.googleapis.com/chrome-variations/seed?osname=win&channel=stable&milestone=121"
            }
          ],
          "SSLCipher": "",
          "SSLVersion": ""
        }
      ],
      "IncludeInScript": true
    },
    {
      "DomainName": "google.com",
      "Domains": [
        {
          "HTTPVersion": "HTTP/1.1",
          "IP": "142.250.193.142",
          "IncludeInScript": true,
          "Name": "clients4.google.com",
          "Port": 443,
          "Requests": [
            {
              "CompressionType": "gzip",
              "DataType": "application/vnd.google.octet-stream-compressible",
              "DownloadTime": 313,
              "EventId": 132,
              "HttpStatus": 200,
              "Size": 254,
              "URL": "https://clients4.google.com/chrome-sync/command/?client=Google+Chrome&client_id=I76XEoEoSqxhEjiZ7akd2w%3D%3D"
            }
          ],
          "SSLCipher": "TLS_AES_256_GCM_SHA384",
          "SSLVersion": "TLS1.3"
        }
      ],
      "IncludeInScript": true
    },
    {
      "DomainName": "github.io",
      "Domains": [
        {
          "HTTPVersion": "HTTP/1.1",
          "IP": "185.199.109.153",
          "IncludeInScript": true,
          "Name": "buttons.github.io",
          "Port": 443,
          "Requests": [
            {
              "CompressionType": "",
              "DataType": "",
              "DownloadTime": 16,
              "EventId": 168,
              "HttpStatus": 304,
              "Size": 0,
              "URL": "https://buttons.github.io/buttons.js"
            },
            {
              "CompressionType": "gzip",
              "DataType": "application/javascript",
              "DownloadTime": 16,
              "EventId": 67,
              "HttpStatus": 200,
              "Size": 6828,
              "URL": "https://buttons.github.io/buttons.js"
            }
          ],
          "SSLCipher": "TLS_AES_128_GCM_SHA256",
          "SSLVersion": "TLS1.3"
        }
      ],
      "IncludeInScript": true
    }
  ],
  "WebSocket": {
    "IncludeInScript": false,
    "IsScriptIncludeWebSocket": false
  },
  "NumberOfCorrelations": 0
}